ACLX,ACLY,ACLZ
4.99,-0.04,0.50
10.04,-0.02,1.01
10.07,-0.01,0.99
10.06,-0.01,1.07
10.04,-0.06,0.98
10.09,0.01,0.96
10.09,-0.02,1.03
10.02,0.01,0.96
10.00,0.01,0.96
10.07,-0.04,0.96
10.07,-0.03,0.92
10.04,-0.01,1.00
10.04,-0.02,0.99
10.02,0.01,1.02
10.04,-0.01,0.99
10.01,0.03,1.02
10.06,0.02,1.00
10.05,-0.01,1.00
10.03,0.02,1.07
10.00,-0.03,1.00
10.03,-0.01,1.03
10.04,0.00,0.96
10.00,0.04,1.02
10.03,0.01,1.04
10.01,0.02,1.00
10.04,-0.00,1.07
10.07,-0.02,1.02
10.03,-0.07,0.99
10.03,-0.04,0.98
10.00,-0.03,0.99
10.06,-0.05,0.93
10.11,-0.02,0.94
10.12,0.05,0.95
10.08,-0.00,1.02
10.00,0.00,0.94
10.06,-0.03,0.92
10.07,-0.02,1.07
10.05,-0.01,0.99
10.07,0.01,0.94
10.04,0.01,0.98
10.06,0.01,1.05
10.04,-0.02,0.98
10.01,0.05,0.97
10.08,0.04,0.97
10.04,-0.01,0.98
10.03,0.01,1.00
10.04,0.02,0.98
10.03,0.04,0.93
10.08,0.03,0.97
10.05,-0.06,0.99
10.07,0.02,0.99
10.03,-0.01,1.00
10.03,-0.01,0.89
10.03,-0.02,0.98
10.07,-0.01,1.02
10.00,-0.07,1.09
10.03,-0.03,0.99
10.06,-0.05,1.03
10.02,-0.07,1.01
9.99,-0.04,1.01
10.01,0.05,0.99
10.04,-0.07,1.06
10.10,-0.03,0.98
10.09,-0.04,1.03
10.08,-0.03,0.99
10.07,0.00,1.07
10.08,-0.02,1.06
10.03,-0.02,0.98
10.05,0.01,1.07
10.07,0.00,0.95
10.10,0.02,0.91
10.04,-0.01,0.98
10.00,0.01,1.02
10.04,-0.01,0.98
10.05,-0.01,0.98
10.03,-0.02,1.00
10.00,-0.02,0.93
10.05,0.02,1.02
10.03,-0.01,1.07
10.03,0.02,1.09
10.04,0.00,0.97
10.03,-0.00,1.01
10.03,0.02,1.03
10.03,-0.06,0.96
10.06,-0.03,1.08
10.05,-0.02,1.05
10.07,-0.03,1.02
10.07,-0.03,1.00
10.07,-0.01,0.97
10.10,-0.03,0.90
10.12,-0.02,1.00
10.04,-0.03,0.94
10.07,-0.01,1.00
10.00,-0.02,1.00
10.02,-0.01,0.97
10.01,-0.01,0.98
10.00,0.03,1.02
10.03,-0.03,0.96
10.05,-0.05,0.98
10.01,0.01,1.00
10.11,-0.02,0.97
10.04,-0.00,0.97
10.01,0.02,1.07
10.05,-0.00,0.94
10.12,0.01,0.97
10.06,-0.04,1.01
10.01,0.00,0.93
10.03,-0.01,1.00
10.07,0.05,0.97
10.04,-0.01,1.00
10.05,0.04,0.97
10.06,0.01,1.03
10.06,-0.02,0.93
10.04,-0.01,0.97
10.04,0.00,0.92
10.08,-0.00,1.00
10.07,0.02,0.93
10.03,0.00,0.94
10.01,-0.01,0.98
10.06,-0.04,0.97
10.04,-0.01,0.96
10.03,-0.08,0.94
10.08,-0.03,0.99
10.04,-0.01,0.99
10.05,0.01,0.98
10.05,-0.03,0.91
10.06,0.01,0.95
10.08,0.02,0.92
10.08,0.05,0.98
10.05,0.03,0.97
10.05,0.02,0.96
10.07,-0.01,1.00
10.07,-0.00,0.97
10.08,-0.05,0.97
10.04,0.03,0.99
10.02,-0.01,1.05
9.99,-0.00,1.00
10.00,-0.01,1.02
10.08,-0.01,0.99
10.03,-0.03,1.03
10.03,-0.03,1.06
10.05,0.00,1.02
10.04,-0.02,1.07
10.04,-0.02,1.08
10.04,-0.05,1.01
10.09,-0.00,1.05
10.09,-0.00,1.03
10.05,0.01,1.07
10.05,-0.01,1.01
10.04,-0.01,0.97
10.09,0.00,1.01
10.08,0.02,1.08
10.07,-0.01,1.00
10.06,0.01,1.03
10.09,-0.01,1.06
10.05,-0.01,1.04
10.09,0.04,1.01
10.07,0.03,0.98
10.02,0.02,1.01
9.96,-0.00,1.02
9.98,-0.02,1.06
10.02,-0.01,1.01
10.01,-0.00,1.01
10.04,0.03,0.98
10.06,-0.02,1.05
10.10,0.00,1.01
10.05,-0.03,1.01
10.01,-0.03,1.09
10.04,-0.00,1.06
10.01,-0.07,1.02
10.04,-0.03,1.04
10.06,0.01,0.98
10.05,0.02,1.04
10.03,0.01,1.03
10.00,-0.04,1.03
10.01,-0.03,1.00
10.04,0.01,0.99
10.04,-0.07,0.95
10.03,0.02,1.05
10.06,0.01,1.04
10.04,0.00,1.02
10.02,0.02,0.99
10.05,0.00,0.90
10.05,0.02,1.01
10.05,-0.02,1.00
10.05,-0.02,1.00
10.09,0.00,0.97
10.04,0.03,0.89
10.04,-0.03,0.95
10.02,0.01,0.91
10.06,0.03,0.99
10.07,-0.01,0.97
10.04,-0.03,0.91
10.06,-0.00,0.93
10.03,-0.03,1.01
10.04,0.00,0.89
10.08,0.05,0.99
10.05,0.01,0.98
10.07,0.00,0.97
10.06,-0.01,1.01
10.00,0.01,1.06
10.04,0.00,1.03
10.09,-0.03,0.96
10.03,-0.01,0.97
10.05,0.03,1.03
10.02,0.02,0.97
10.00,0.04,0.96
10.01,-0.02,1.00
10.01,-0.01,1.01
10.05,0.02,0.95
10.06,0.00,0.98
10.03,-0.06,1.01
10.05,-0.02,1.02
10.08,-0.00,0.99
10.07,-0.01,0.99
10.02,-0.00,1.00
10.02,-0.00,1.00
10.05,-0.04,1.05
10.01,0.01,1.01
10.01,-0.00,0.97
10.07,0.01,0.95
10.06,-0.03,0.99
10.01,-0.03,1.04
10.00,-0.01,1.00
10.06,-0.02,1.02
10.05,-0.03,1.04
10.05,-0.02,1.07
10.08,-0.02,0.98
10.06,0.02,0.98
10.05,0.02,1.05
10.01,-0.04,0.96
10.04,0.02,0.99
10.05,-0.02,1.02
10.04,-0.04,1.05
10.02,0.00,0.93
10.05,-0.02,0.99
10.06,0.02,1.00
10.07,-0.00,0.97
10.03,0.03,0.97
10.05,-0.05,1.01
10.05,-0.00,1.05
10.09,-0.02,1.00
10.04,-0.03,0.96
10.02,-0.03,1.01
10.04,0.05,0.96
10.04,0.00,1.05
10.03,0.01,1.00
10.08,0.03,1.06
10.09,-0.02,0.89
10.01,-0.00,0.97
10.06,0.01,1.05
10.02,-0.07,0.98
10.02,-0.02,0.96
10.04,0.05,0.98
10.00,-0.01,0.99
10.06,0.01,0.95
10.06,0.03,1.02
10.07,-0.02,1.08
10.05,0.02,1.01
10.07,-0.01,1.01
10.06,-0.02,1.00
10.08,0.01,0.98
10.05,-0.06,0.88
10.08,-0.02,0.98
10.04,-0.04,0.97
10.00,-0.00,1.02
10.05,-0.04,0.98
10.06,-0.06,1.00
10.05,-0.02,1.00
10.00,-0.04,0.98
10.01,-0.04,0.95
10.08,0.01,0.96
10.01,-0.02,1.00
10.01,0.01,1.08
10.04,0.02,1.04
10.01,-0.03,0.96
10.08,-0.02,0.93
10.05,-0.01,1.06
10.07,0.00,1.01
10.05,0.01,1.02
10.02,0.03,0.96
10.05,0.03,0.93
10.01,-0.03,1.01
10.01,-0.01,0.97
10.02,-0.02,1.08
10.04,-0.00,1.06
10.03,0.01,1.01
10.02,-0.01,0.98
10.04,-0.00,0.98
10.06,-0.01,1.05
10.04,-0.03,1.03
10.01,0.00,0.97
10.02,0.00,1.01
10.06,0.02,1.00
10.04,0.01,1.06
10.07,0.01,0.93
10.04,0.01,1.03
10.11,0.01,1.00
10.06,0.03,1.06
10.02,0.04,1.02
10.00,0.05,1.02
10.05,-0.00,0.99
10.05,-0.03,1.04
10.03,-0.03,0.92
10.04,-0.10,0.97
10.05,-0.03,1.05
10.04,-0.06,1.04
10.08,-0.03,1.05
10.08,0.03,0.96
10.07,-0.04,1.04
10.06,-0.01,1.10
10.06,-0.02,0.96
10.09,-0.02,0.97
10.01,-0.01,0.96
10.02,-0.00,1.02
10.03,0.06,0.98
10.07,0.01,0.97
9.97,-0.01,1.03
10.04,-0.01,1.02
10.03,0.02,0.91
10.08,-0.00,1.00
10.05,-0.04,0.98
10.07,0.01,1.00
10.04,0.00,1.03
10.09,-0.01,0.99
10.08,-0.04,0.99
10.03,0.00,1.02
10.01,-0.01,1.02
10.00,-0.01,1.02
10.03,-0.02,1.04
10.04,-0.03,0.98
10.07,0.00,0.97
10.07,0.00,0.98
10.06,-0.02,0.93
10.08,-0.03,0.98
10.07,0.03,1.03
10.03,0.05,1.00
10.02,-0.02,0.97
10.02,-0.03,0.95
10.08,-0.00,1.02
10.07,-0.05,0.96
10.08,-0.03,1.01
10.03,0.01,0.95
10.00,0.02,0.99
9.98,-0.01,0.98
10.11,-0.03,1.02
10.06,0.03,1.07
10.06,-0.02,1.01
10.07,-0.03,0.92
10.07,-0.02,0.99
10.04,-0.06,1.05
10.03,-0.03,1.02
10.05,-0.03,0.97
10.06,-0.03,1.03
10.06,-0.07,1.01
10.01,-0.04,1.00
10.06,-0.01,1.04
10.08,0.02,1.02
10.04,-0.01,0.96
10.04,0.00,1.00
10.03,-0.05,1.02
10.06,0.01,1.06
10.01,-0.00,1.06
10.05,-0.01,0.99
10.00,0.01,0.98
10.05,-0.01,0.98
10.02,0.01,1.03
10.05,0.01,0.97
10.05,0.00,0.99
10.04,-0.02,1.05
10.02,-0.07,0.98
10.06,0.00,1.06
10.10,-0.02,1.02
10.07,-0.01,0.91
10.01,-0.00,1.04
10.05,0.01,0.98
10.07,0.00,0.95
10.04,0.01,1.01
10.06,0.01,1.00
10.03,-0.05,0.97
10.05,-0.03,0.99
10.01,-0.06,1.02
10.07,0.04,0.93
10.07,-0.04,0.94
10.10,-0.02,1.05
10.04,0.00,1.01
10.02,0.04,1.02
10.04,-0.05,0.96
10.03,-0.03,0.98
9.97,0.02,1.01
10.01,0.02,0.97
10.09,-0.00,1.01
10.02,0.02,1.13
10.02,0.00,1.00
10.02,0.02,1.01
10.09,-0.03,0.96
10.02,-0.03,1.00
10.02,-0.05,0.91
10.06,0.00,1.03
10.06,-0.01,1.00
10.04,0.01,0.96
10.03,0.01,0.98
10.07,-0.00,0.95
10.06,-0.01,1.02
10.03,0.01,1.06
10.06,-0.03,1.04
10.06,-0.00,0.94
10.02,-0.02,0.99
9.98,-0.05,1.02
10.05,-0.02,1.02
10.07,0.03,0.95
10.03,0.00,0.98
10.01,-0.05,0.95
10.06,-0.00,1.00
10.07,0.00,0.95
10.04,0.05,0.93
10.01,0.01,1.04
10.02,-0.00,0.99
10.04,0.04,1.01
9.97,-0.01,1.00
10.06,0.02,0.95
10.05,0.00,0.98
10.04,-0.01,1.01
10.07,0.01,1.02
10.05,-0.01,1.00
10.07,0.00,1.06
10.07,-0.03,1.06
10.05,-0.04,0.99
10.02,-0.04,1.00
10.03,0.02,1.04
9.99,0.01,1.01
9.99,-0.08,0.95
10.02,-0.00,0.95
10.05,-0.02,1.02
10.02,-0.01,1.05
10.03,-0.00,1.02
10.04,0.01,1.05
10.09,0.04,1.00
10.02,0.00,1.07
10.08,-0.01,1.03
10.03,-0.00,0.96
10.04,-0.01,0.99
10.07,-0.03,1.01
10.02,0.01,1.02
10.03,0.00,1.05
10.02,0.01,1.01
9.98,-0.02,1.01
10.06,-0.04,0.96
10.06,0.03,1.03
10.01,0.00,1.02
10.05,-0.01,0.95
10.03,-0.04,0.98
10.07,-0.03,1.05
9.99,0.01,1.01
9.98,-0.01,0.99
10.13,-0.00,1.02
10.08,0.01,1.05
10.10,-0.00,1.01
10.07,0.01,0.98
10.05,0.02,1.00
10.03,-0.03,0.97
10.05,-0.02,0.96
10.13,0.04,0.99
10.06,-0.02,0.99
9.98,0.00,0.94
10.00,0.01,0.96
10.03,-0.01,0.97
10.04,-0.05,0.98
10.05,0.03,0.98
10.10,-0.01,0.95
10.07,-0.00,1.05
10.05,-0.05,1.02
10.09,0.00,1.01
10.09,-0.00,0.97
10.06,-0.01,1.01
10.10,0.00,1.01
10.10,0.03,0.90
10.07,-0.04,0.98
10.08,-0.06,1.05
10.02,0.06,0.92
10.00,0.00,1.00
10.04,-0.04,0.99
10.07,0.03,0.97
10.05,-0.04,0.99
10.03,-0.02,0.97
10.04,-0.03,0.95
10.14,-0.01,1.03
10.01,-0.03,0.97
10.04,0.02,1.00
10.10,0.02,0.99
10.04,0.03,1.01
10.07,-0.02,1.04
10.02,-0.03,1.03
10.04,0.00,1.02
10.02,0.02,1.00
10.01,-0.02,0.98
10.02,0.03,1.00
10.05,0.01,0.95
10.01,0.01,1.04
10.02,0.06,0.98
10.10,-0.02,1.00
10.06,0.01,0.96
10.04,-0.05,1.02
10.11,-0.05,1.04
10.08,0.02,0.93
10.07,0.00,1.01
10.02,-0.05,1.07
10.06,-0.02,0.96
10.07,-0.00,1.02
10.05,-0.02,1.02
10.02,-0.03,0.90
10.00,-0.07,0.91
10.06,-0.04,1.07
10.01,-0.02,0.97
10.04,-0.03,1.08
10.06,-0.04,1.09
10.07,-0.05,1.04
10.07,-0.04,1.05
10.07,0.00,1.04
10.02,-0.06,1.05
10.02,-0.02,1.06
9.98,-0.05,1.01
10.03,0.00,1.01
10.01,0.03,1.04
10.02,-0.01,1.01
10.00,-0.03,1.04
9.97,0.00,1.05
10.08,-0.01,0.96
10.06,-0.01,1.05
10.09,-0.03,0.98
10.11,-0.01,0.98
10.09,-0.00,0.98
10.07,-0.06,1.05
10.07,0.01,1.05
10.08,0.03,1.02
10.02,0.02,0.95
10.01,-0.02,0.99
10.00,-0.02,1.00
10.08,0.00,0.97
10.03,0.01,0.95
10.05,-0.01,1.04
10.10,-0.03,1.03
10.07,-0.00,1.02
10.04,-0.03,1.03
10.04,0.04,0.99
10.09,-0.01,1.06
10.09,-0.02,0.96
10.00,-0.01,1.03
10.02,-0.05,1.03
10.04,0.02,1.03
10.05,-0.01,1.02
10.01,-0.03,0.97
10.02,0.01,0.95
10.07,-0.01,0.98
10.06,-0.03,1.07
10.03,-0.05,1.02
10.02,-0.03,1.00
10.05,0.03,1.02
10.07,-0.01,0.98
10.12,0.01,0.93
10.10,-0.02,1.00
10.09,-0.00,1.05
10.02,0.01,1.02
10.02,-0.01,0.97
10.02,-0.01,0.97
10.02,-0.03,0.97
10.01,-0.02,1.00
10.02,0.01,1.01
10.06,0.02,0.95
10.07,-0.05,1.05
9.97,0.00,1.06
10.05,-0.00,0.96
10.03,0.03,1.03
10.01,0.01,1.04
10.01,-0.01,1.07
10.03,0.01,1.04
10.06,0.02,0.99
10.04,0.02,1.04
10.03,-0.01,1.02
10.03,-0.00,1.01
10.04,0.02,0.99
10.05,-0.01,1.00
10.06,-0.02,0.90
10.03,0.01,0.94
10.01,-0.05,1.03
10.08,-0.02,1.00
10.07,0.03,0.99
10.05,-0.06,0.99
10.03,-0.05,0.98
10.06,-0.02,0.96
10.04,0.00,0.99
10.08,0.00,0.96
10.06,-0.00,0.99
10.00,0.00,0.99
10.07,-0.02,1.02
10.06,-0.01,1.06
10.01,0.00,1.02
10.03,-0.02,0.92
10.04,-0.02,1.00
10.03,0.01,1.00
10.04,-0.04,0.98
10.03,-0.05,0.95
10.05,-0.02,1.09
10.05,0.01,0.94
10.01,0.00,0.92
10.04,-0.01,1.11
10.09,-0.01,0.91
10.05,-0.01,1.03
10.07,-0.01,0.98
10.06,0.02,0.98
10.03,0.01,0.99
10.07,-0.00,1.00
10.02,-0.01,1.02
10.09,-0.05,0.98
10.07,-0.06,0.97
10.00,-0.01,0.97
10.05,0.01,1.00
10.07,0.00,1.06
10.05,-0.02,1.06
10.00,0.01,0.94
10.00,-0.04,0.92
10.01,-0.04,0.95
10.01,-0.06,0.92
10.06,-0.02,0.91
10.07,-0.03,0.94
10.09,-0.01,1.01
10.05,0.00,0.95
10.04,-0.04,0.99
10.09,0.01,1.05
10.05,0.02,1.04
10.07,-0.01,0.99
10.06,-0.02,0.94
10.05,0.00,0.96
10.02,-0.00,1.00
10.02,-0.01,0.95
10.01,0.01,0.98
10.09,0.00,1.04
10.03,0.02,1.01
10.07,-0.02,1.04
10.07,-0.04,1.00
10.13,-0.05,1.00
10.03,-0.03,0.97
10.07,-0.03,0.95
10.09,-0.01,0.95
9.98,0.02,0.99
10.02,0.00,1.06
10.08,-0.03,0.97
10.09,-0.01,1.06
10.00,0.00,1.00
10.08,-0.02,0.97
10.07,-0.00,1.01
10.06,-0.02,1.01
10.01,-0.01,1.02
10.02,-0.01,0.99
10.05,-0.02,1.01
10.06,0.05,0.96
10.05,-0.02,1.03
10.03,0.04,0.99
10.01,-0.01,1.01
10.02,-0.06,0.95
10.06,-0.00,1.07
10.07,-0.01,1.01
10.07,0.02,1.00
10.02,0.01,1.06
10.09,-0.00,1.00
10.02,-0.00,1.01
10.07,-0.02,1.00
10.06,-0.02,0.98
10.01,-0.02,0.99
9.99,-0.00,1.01
10.00,0.00,0.93
10.01,-0.02,1.05
10.04,-0.02,1.01
10.08,-0.02,1.01
10.04,-0.04,0.96
10.03,-0.00,1.02
10.07,-0.02,0.95
10.05,-0.02,0.96
10.04,0.03,0.97
9.97,0.01,1.03
10.00,0.01,0.96
10.06,0.00,1.10
10.02,-0.01,1.00
10.03,0.01,0.99
10.02,-0.00,0.99
10.06,0.02,0.98
10.01,-0.02,1.01
10.09,-0.05,1.05
10.07,-0.02,0.98
10.07,-0.01,1.06
10.07,0.00,1.01
10.02,-0.01,1.03
10.08,-0.02,1.01
10.04,0.01,0.95
10.06,-0.01,1.03
10.04,-0.01,0.97
10.04,-0.04,0.92
10.09,-0.03,1.01
10.03,0.02,0.99
10.07,0.01,1.00
10.05,0.02,0.86
10.03,0.00,0.97
10.02,0.01,1.03
10.02,-0.02,1.02
10.04,-0.00,1.00
10.00,0.02,0.95
10.04,0.03,1.03
9.98,0.02,1.07
10.06,-0.03,0.99
10.01,-0.04,1.04
10.02,-0.03,0.96
10.06,-0.04,0.97
10.02,-0.00,1.05
10.02,-0.01,1.03
10.07,-0.01,0.97
10.06,-0.01,1.03
10.05,0.02,1.03
10.03,-0.03,0.93
10.08,0.01,1.02
10.05,-0.01,0.94
10.03,-0.08,1.03
10.02,-0.03,0.98
10.00,-0.05,1.04
10.01,-0.03,0.99
10.09,-0.04,1.03
10.04,-0.04,0.92
10.07,-0.01,1.03
10.05,0.00,1.01
10.03,-0.04,0.91
9.94,0.01,1.03
10.02,-0.02,1.06
10.10,-0.03,1.00
10.07,0.02,0.99
10.07,-0.03,1.04
10.07,-0.04,0.99
10.07,0.02,1.04
10.01,0.01,0.96
10.03,-0.03,1.02
10.07,0.01,0.99
10.00,-0.01,0.95
10.06,-0.02,1.01
10.05,0.00,0.98
10.04,0.01,0.98
10.01,-0.01,0.98
10.05,-0.03,1.04
10.12,0.00,0.99
10.13,-0.07,1.00
10.03,-0.04,1.03
10.08,-0.02,1.01
10.08,-0.04,0.99
10.01,-0.04,0.93
10.08,-0.02,1.00
10.09,-0.05,1.01
10.06,-0.02,0.98
10.03,0.00,0.98
9.98,0.00,0.98
10.01,-0.02,0.98
10.04,-0.00,0.98
10.02,0.02,0.97
10.02,0.04,0.98
10.04,-0.03,0.96
10.08,0.03,0.94
10.01,-0.02,0.99
10.00,-0.02,1.02
10.04,-0.04,1.00
10.05,-0.01,1.02
9.99,-0.04,1.04
10.06,-0.05,1.02
10.03,0.02,0.96
10.02,-0.04,1.01
10.01,-0.01,1.08
10.05,-0.02,1.02
10.11,-0.01,1.03
10.02,0.04,1.04
10.02,-0.04,1.02
10.09,-0.02,1.07
10.09,0.01,0.94
10.01,-0.01,0.97
10.10,0.00,0.96
10.03,0.01,1.02
10.04,-0.02,0.97
10.07,-0.03,0.97
10.08,-0.02,0.93
10.01,-0.01,0.99
10.04,-0.01,0.98
10.01,0.01,0.98
10.06,0.03,1.06
10.00,0.02,0.96
9.96,-0.01,0.93
10.01,-0.02,1.06
10.04,0.02,1.00
10.06,-0.01,1.07
10.01,-0.00,0.89
10.07,-0.02,0.96
10.02,0.02,1.06
10.01,-0.06,1.02
9.99,-0.02,1.04
10.05,0.00,0.97
10.06,0.02,1.06
10.10,-0.06,1.04
10.08,-0.05,1.00
10.06,-0.06,1.06
10.08,-0.05,0.99
10.06,-0.00,0.96
10.05,-0.04,0.95
9.96,-0.02,1.05
10.04,-0.01,0.96
10.02,-0.03,0.96
10.05,-0.01,0.97
10.06,-0.01,1.07
10.01,0.00,0.95
10.08,0.00,0.97
10.06,0.04,0.97
10.07,0.03,0.98
10.02,-0.00,1.01
10.00,-0.00,1.03
10.10,-0.05,1.04
10.01,-0.05,0.97
9.97,-0.01,0.96
10.01,-0.03,1.02
10.06,-0.02,1.01
10.07,-0.02,1.04
10.03,0.01,1.02
10.02,0.03,0.95
10.08,-0.01,1.04
10.09,0.02,1.03
10.04,-0.01,0.98
10.02,0.02,0.97
10.05,0.00,0.99
10.01,0.01,1.05
9.99,0.02,1.02
10.04,-0.00,1.01
10.04,-0.02,0.98
10.04,-0.01,1.00
10.00,-0.01,1.00
10.03,-0.01,1.04
10.09,0.00,1.14
10.07,0.00,0.99
10.08,-0.03,1.00
10.10,0.00,0.97
10.04,0.00,0.99
9.99,-0.01,0.96
9.97,0.02,0.96
10.02,0.02,1.02
10.07,0.03,1.01
10.04,0.00,0.97
10.08,-0.02,0.97
10.07,0.06,0.98
10.03,0.06,1.02
10.07,-0.00,0.97
10.03,0.02,0.91
10.01,-0.02,0.95
10.04,-0.01,0.94
10.05,0.01,1.03
10.07,0.03,0.90
10.01,0.03,1.02
10.03,-0.01,1.05
10.06,-0.02,0.97
10.08,-0.00,1.02
10.07,-0.01,0.95
10.04,-0.02,0.96
10.07,0.03,1.05
10.07,-0.02,1.07
10.03,0.02,0.94
10.05,-0.02,0.94
10.03,-0.01,0.96
10.05,0.00,0.99
10.06,-0.05,0.91
10.05,0.01,1.09
10.06,0.00,0.98
10.03,-0.01,0.97
10.01,0.00,0.95
10.07,0.02,0.97
10.07,-0.02,0.96
10.01,-0.03,1.01
10.02,0.00,0.93
10.06,-0.02,0.99
10.07,0.00,1.02
10.10,-0.05,1.02
10.04,0.01,1.02
10.08,-0.02,1.01
10.06,-0.03,1.00
10.05,-0.07,1.00
10.00,-0.04,1.01
10.04,0.06,1.01
10.11,-0.04,1.03
10.05,-0.07,0.99
10.05,-0.02,1.04
10.03,0.01,1.00
10.03,0.02,0.99
10.02,-0.05,1.06
10.03,-0.08,0.98
10.02,-0.03,1.07
10.07,-0.02,1.02
10.04,-0.04,0.97
10.02,0.00,1.03
10.06,-0.04,1.07
10.02,0.00,1.00
10.05,0.00,1.03
10.07,0.02,1.12
10.05,0.02,1.07
10.04,-0.06,1.09
10.03,0.00,1.05
10.07,0.00,1.04
10.05,-0.01,1.04
10.06,-0.04,0.95
10.05,-0.01,1.00
10.06,0.05,0.99
10.00,-0.02,1.12
10.03,-0.06,1.08
10.01,-0.03,1.00
10.05,-0.04,1.06
10.04,0.00,1.00
10.08,0.02,1.05
10.05,0.03,0.94
10.06,-0.03,0.97
10.06,-0.02,0.98
10.06,-0.03,1.02
10.07,-0.04,1.03
10.03,-0.01,1.00
10.04,0.02,1.07
10.05,-0.03,1.08
10.04,0.04,1.02
10.08,-0.02,1.02
10.02,-0.01,1.02
10.03,-0.01,0.97
10.06,-0.04,1.03
10.00,0.00,1.03
10.02,-0.02,1.00
10.04,-0.04,0.98
10.08,0.04,0.99
10.01,-0.01,0.97
9.99,-0.03,1.06
10.06,0.01,1.00
10.06,0.00,0.97
10.06,-0.05,1.02
10.03,-0.03,1.02
10.04,-0.05,1.02
10.11,-0.06,0.96
10.07,-0.01,1.07
10.07,-0.03,0.99
10.06,-0.00,1.06
10.04,-0.11,1.00
10.02,-0.00,1.07
10.01,0.01,0.99
10.04,0.03,1.02
10.02,-0.04,1.02
10.05,-0.01,1.03
10.08,-0.00,0.92
10.01,0.00,1.00
10.04,-0.07,1.02
10.02,-0.00,0.96
10.00,-0.04,1.05
10.04,-0.03,1.02
10.02,0.02,1.04
10.01,0.02,1.03
10.05,0.04,1.01
10.02,-0.01,0.96
10.09,-0.01,0.97
10.03,-0.01,1.06
10.05,-0.02,1.03
10.05,0.00,0.95
10.10,0.00,0.96
10.01,-0.03,0.99
10.05,-0.03,1.07
10.02,-0.03,1.07
10.07,-0.00,1.00
10.07,-0.03,0.97
10.08,0.02,0.96
10.00,-0.04,1.00
10.01,-0.02,1.01
10.07,-0.03,0.95
10.04,-0.06,0.99
9.99,0.01,1.04
10.02,-0.03,1.01
10.07,-0.02,0.93
10.07,-0.01,0.97
10.04,-0.01,1.07
10.04,0.01,1.01
10.02,-0.06,1.03
10.04,-0.00,0.99
10.04,0.02,0.93
9.98,-0.05,0.97
10.02,-0.01,1.03
10.03,0.02,0.96
10.05,-0.03,0.97
10.04,0.00,0.99
10.06,-0.00,0.95
10.02,-0.02,1.02
10.03,0.00,1.01
10.11,0.00,1.03
10.02,-0.01,0.97
10.02,-0.01,1.00
10.04,-0.03,1.06
10.04,-0.04,1.00
9.98,-0.02,1.06
10.04,0.03,1.02
10.06,0.04,1.06
10.08,-0.00,1.04
10.04,0.01,1.09
10.03,0.01,1.01
10.07,0.00,0.92
10.10,-0.03,0.98
10.07,0.01,1.05
10.05,-0.00,1.00
10.06,-0.01,1.01
10.02,-0.03,0.95
10.02,-0.01,0.98
10.03,0.03,1.00
10.08,0.06,1.04
10.04,-0.02,1.00
10.04,0.01,0.99
10.07,0.01,1.01
10.05,-0.02,0.95
10.06,-0.03,0.98
10.01,-0.04,1.05
10.02,-0.04,0.94
10.06,0.04,0.93
10.01,0.00,1.07
10.05,0.01,1.00
10.06,-0.01,1.02
10.08,0.02,0.98
10.07,-0.04,1.08
10.06,-0.02,1.00
10.07,-0.02,1.00
10.05,-0.02,0.95
9.99,-0.00,1.05
10.06,0.00,1.00
10.07,-0.03,0.97
10.07,0.00,1.01
10.02,-0.02,0.98
10.06,0.02,0.98
10.01,0.02,0.97
9.99,-0.01,1.00
10.02,-0.01,1.03
10.08,0.04,1.04
10.10,0.01,0.93
10.03,-0.01,0.93
10.03,-0.02,1.01
10.03,-0.06,1.00
10.03,-0.01,0.97
10.05,0.01,1.00
10.05,0.01,1.00
10.05,-0.07,1.01
10.06,-0.01,0.94
10.06,-0.01,1.07
10.02,-0.01,1.01
10.09,-0.05,0.98
10.06,0.01,0.96
10.03,0.03,0.99
10.09,0.01,1.02
10.03,-0.04,1.02
10.00,0.02,0.99
10.01,-0.02,1.02
10.05,0.01,1.01
10.05,-0.06,1.04
10.00,-0.04,1.10
10.03,-0.00,1.01
10.06,0.01,1.07
10.07,0.03,1.01
10.03,-0.02,1.04
10.08,-0.01,1.02
10.08,-0.01,0.98
10.08,-0.01,0.95
10.03,-0.03,0.96
10.06,0.01,1.04
10.03,-0.01,0.94
9.99,-0.01,1.02
10.02,0.01,0.99
10.05,0.03,1.02
10.09,-0.03,1.02
10.01,0.02,0.91
10.05,-0.03,0.95
10.03,0.01,0.99
9.97,-0.00,0.95
10.02,-0.02,0.96
10.05,-0.01,1.06
10.01,-0.04,0.96
10.07,-0.05,1.02
10.08,-0.05,0.99
10.07,0.00,1.03
10.10,0.00,0.98
10.05,0.02,1.01
10.03,-0.01,1.03
10.07,-0.02,1.01
10.03,0.02,0.97
10.04,-0.03,0.93
10.06,-0.01,1.06
10.06,0.05,1.03
10.05,0.00,0.98
10.02,-0.02,1.02
10.08,-0.04,1.06
9.77,-0.06,1.04
9.78,0.03,1.08
10.37,0.14,0.94
10.30,0.00,1.05
9.90,0.00,1.12
9.93,0.01,1.02
9.91,-0.06,0.98
9.93,-0.08,1.09
10.14,-0.03,0.89
10.13,-0.01,0.97
10.05,0.01,0.98
10.03,0.01,0.89
9.95,-0.04,0.93
9.91,-0.03,1.04
9.97,-0.04,1.04
10.11,-0.11,1.06
9.94,-0.04,1.04
9.84,-0.07,1.15
10.06,-0.02,1.03
10.01,-0.02,1.06
10.01,0.05,1.02
10.01,0.00,1.06
10.04,-0.03,0.88
10.01,-0.03,0.94
10.05,-0.02,0.92
10.07,0.01,0.96
10.02,-0.05,0.85
9.90,-0.10,0.93
9.97,-0.01,1.03
10.02,0.10,0.91
10.24,-0.21,0.95
9.83,0.07,1.09
9.99,-0.10,1.09
9.83,-0.14,1.08
10.15,0.03,1.24
10.30,0.13,0.97
10.28,0.16,0.86
10.25,0.12,0.88
10.31,-0.08,0.69
9.99,-0.09,0.62
9.80,-0.19,0.72
9.66,-0.31,0.83
9.57,-0.30,0.93
9.60,-0.19,1.16
9.50,-0.13,1.35
10.18,-0.06,1.08
10.38,0.20,1.47
8.85,0.95,2.43
9.48,-0.10,0.75
10.00,-0.56,0.47
9.17,-0.69,0.84
8.76,-0.41,1.30
8.50,-0.33,1.97
9.89,-0.24,1.00
10.58,0.34,1.95
11.53,1.02,2.00
7.32,1.70,3.75
11.11,0.85,0.52
11.37,1.33,0.15
13.06,-0.41,-0.06
8.43,-0.30,-0.30
7.90,-0.20,0.59
12.38,1.87,1.75
7.07,1.07,3.93
13.24,-1.09,-3.31
12.33,0.90,0.92
13.45,-1.63,0.46
7.25,-1.26,0.40
7.42,-0.94,-0.25
7.98,-1.32,1.35
7.57,-1.17,2.07
8.71,0.02,1.65
13.32,1.37,2.45
14.57,1.84,1.66
4.71,2.47,5.02
10.08,0.81,0.15
8.45,-1.07,1.34
8.56,-0.57,1.65
12.65,1.28,2.80
15.38,2.16,1.86
5.10,4.04,2.83
11.09,-1.03,-3.30
12.26,1.14,0.39
14.91,1.55,-3.79
4.62,-1.83,1.73
5.42,-1.05,0.17
6.53,-1.32,2.29
8.86,-0.70,1.32
10.20,-0.58,2.60
13.25,2.05,3.12
5.69,-1.24,0.64
5.76,-2.59,0.58
7.34,-1.48,1.45
9.38,-0.69,0.60
10.26,-0.84,3.10
14.31,3.35,2.30
6.88,6.10,0.94
17.73,-4.36,-0.52
10.01,0.36,0.41
13.24,1.98,-3.55
9.54,-1.65,1.44
5.11,-1.62,0.18
5.17,-2.33,3.83
9.80,-0.77,0.16
12.43,-0.41,2.07
12.74,2.68,-3.61
10.51,-1.76,0.32
4.67,-3.02,1.50
4.84,-1.92,3.96
10.48,-0.75,0.02
9.83,0.02,3.05
12.82,2.26,3.31
15.94,3.76,0.07
4.20,4.37,5.03
11.15,0.44,-4.25
11.95,-0.11,0.20
13.72,0.54,-2.51
3.27,-1.46,1.87
15.28,3.79,0.50
5.56,-0.13,6.71
12.91,-1.01,-6.31
12.59,-0.81,1.81
13.49,-1.18,-0.81
3.27,-1.69,1.97
3.53,-2.41,3.12
11.00,-0.93,-0.36
11.37,-1.27,1.33
10.13,0.85,3.92
14.82,3.94,1.09
12.17,3.92,-1.01
9.62,-3.61,4.17
10.38,-1.07,-0.27
11.81,-1.02,0.85
10.83,1.41,4.30
14.21,3.49,1.96
16.12,2.26,-2.23
1.54,1.98,7.47
12.09,0.96,-5.89
12.48,-0.48,0.97
13.75,-0.02,-1.01
1.80,-0.95,3.26
4.41,-1.15,3.29
11.55,-0.94,-0.56
11.07,-0.74,2.58
12.72,-1.19,2.37
13.41,0.16,-1.24
3.12,-1.87,3.55
3.16,-1.20,2.05
11.63,-0.89,-0.38
11.96,-0.83,1.39
10.58,0.00,3.96
13.78,3.25,1.21
14.40,1.39,-2.09
0.68,3.06,7.45
17.17,-0.05,-8.27
12.67,-1.08,3.17
13.88,0.76,-3.66
0.57,-0.62,4.10
13.77,3.03,-0.42
12.63,0.51,-1.21
9.55,-3.22,1.90
15.44,0.30,-7.13
13.39,-0.02,2.75
8.88,-3.27,4.24
0.85,-0.03,3.26
6.29,-0.49,1.78
13.09,-1.11,0.25
10.66,-0.30,3.00
11.47,0.93,3.43
13.49,2.55,-0.84
11.08,0.24,-0.52
4.38,-0.27,0.53
9.34,-0.65,1.15
12.98,-1.21,0.47
10.56,-0.37,2.84
12.09,2.27,2.48
13.41,2.38,-0.96
10.98,-0.09,-0.29
9.48,-2.24,2.11
17.45,-0.08,-7.51
13.11,0.21,3.73
8.71,-3.40,4.92
1.00,-0.12,2.80
6.15,-0.18,1.50
7.48,0.55,1.60
4.35,-0.20,5.59
14.82,-0.76,0.58
13.43,2.39,-2.93
10.43,-2.71,3.84
3.27,0.14,0.52
7.54,-0.21,2.03
13.31,-1.19,-0.40
10.45,-0.23,2.62
11.58,1.97,2.67
13.47,2.60,0.02
9.82,-0.56,0.40
-1.13,3.37,8.42
21.33,-4.10,-8.58
13.56,-1.39,-0.10
10.57,-0.70,2.91
10.87,1.41,2.55
13.39,2.21,-0.44
10.96,0.11,-0.63
6.79,0.68,2.29
21.19,-4.35,-7.87
15.51,-1.60,1.06
10.59,3.66,-0.62
3.43,-3.13,5.40
3.92,0.05,-0.38
7.68,0.38,2.22
13.23,-1.78,1.78
10.27,0.12,2.67
15.69,0.80,-4.69
13.06,-1.21,1.16
10.52,-0.43,0.51
2.71,-2.38,4.51
6.45,0.76,1.66
12.70,-1.11,-0.27
12.40,-1.72,2.38
10.64,1.96,2.12
12.76,2.16,1.09
12.48,0.81,-0.85
7.81,-0.39,1.79
-0.10,4.13,6.90
24.74,-5.66,-8.61
13.82,-1.87,0.88
10.85,-0.59,2.38
11.74,2.24,1.92
13.07,1.71,-0.11
10.49,-0.06,0.01
8.59,0.05,1.46
3.27,2.32,6.80
19.83,-3.16,-11.08
9.53,-0.05,0.94
10.37,-2.70,2.01
1.97,-0.89,2.67
8.59,0.66,1.72
13.55,-1.77,0.58
8.60,-0.32,1.58
14.95,-2.55,1.42
13.29,1.06,-3.21
10.40,-1.02,1.11
6.83,-3.70,3.84
4.06,0.45,0.11
8.32,0.91,1.48
13.51,-1.54,1.47
10.41,0.22,2.33
11.21,1.92,1.88
12.37,1.24,0.00
9.36,-0.11,0.40
8.24,-0.42,1.48
1.91,3.27,4.69
15.89,-1.12,-7.13
13.74,-1.72,1.14
10.24,1.26,2.11
11.97,1.77,1.62
11.99,1.30,0.46
8.31,-0.29,1.25
9.34,0.01,1.28
3.19,2.49,6.08
18.82,-3.39,-10.09
8.66,-0.21,1.41
10.67,-2.70,1.50
2.52,-0.63,2.98
9.59,1.12,1.11
13.86,-1.55,0.95
10.13,0.49,0.75
5.55,1.76,4.36
16.47,-2.53,-8.20
7.76,0.50,1.95
10.34,-2.95,1.47
3.07,-0.11,2.45
10.43,0.72,0.98
13.60,-1.58,1.52
11.36,-0.08,2.55
11.92,2.10,0.88
11.72,0.63,0.08
8.93,-0.44,0.87
7.79,-0.08,1.56
3.69,2.62,5.45
9.98,1.21,0.55
13.43,-1.36,1.73
10.69,0.87,2.49
11.83,2.18,1.15
11.93,0.78,0.17
8.28,-0.50,1.28
8.57,0.24,1.14
3.56,2.79,5.21
13.52,-0.27,-3.09
9.01,-1.05,3.02
10.63,-1.33,-0.35
4.82,0.73,0.24
9.34,1.36,0.09
13.31,-1.62,1.46
9.95,0.12,0.62
4.66,2.15,4.82
11.85,-0.24,-1.36
8.70,-0.37,2.00
10.23,-2.02,1.03
5.92,1.12,-0.17
10.21,0.76,0.47
13.49,-1.45,1.73
12.22,0.02,2.30
11.79,2.00,0.74
11.43,0.57,0.08
8.97,-0.47,1.02
9.43,-0.00,0.93
4.27,2.20,5.10
12.15,-0.70,1.76
13.44,-1.13,1.53
10.82,1.22,2.55
11.76,2.04,0.85
10.49,-0.15,0.52
8.25,-0.15,1.19
9.00,0.26,1.05
19.19,-3.99,-4.22
10.77,-0.40,0.10
8.05,1.64,1.38
4.29,-2.11,5.15
7.11,1.22,-0.82
10.30,0.44,1.25
12.86,-1.00,1.90
3.42,2.63,3.75
19.13,-4.12,-4.33
9.90,-1.58,4.44
10.24,0.13,-1.35
4.28,0.00,1.14
8.93,1.49,-0.51
12.68,-1.33,1.61
12.67,-0.87,2.22
11.55,2.19,1.31
12.19,1.18,0.51
10.21,-0.06,0.38
8.09,0.11,1.15
9.86,0.36,0.45
8.78,-0.32,1.70
12.90,-1.20,2.27
12.83,-0.06,1.99
11.68,1.99,0.89
11.79,0.74,0.23
9.44,-0.43,1.09
8.10,0.06,1.14
10.60,-0.15,0.18
7.42,0.43,2.21
12.53,-2.21,-3.18
8.78,0.59,1.61
9.24,-0.98,1.77
6.42,-0.20,1.17
10.98,-0.00,2.09
13.21,-0.10,1.63
9.81,-0.15,0.25
9.06,-0.40,0.98
9.12,-1.11,0.96
9.80,-0.25,0.90
9.22,0.13,1.02
8.70,-0.24,1.02
10.22,-0.03,1.73
12.07,0.68,1.60
12.81,1.01,1.36
12.04,0.95,0.95
9.72,-0.27,1.35
8.79,0.22,0.60
9.43,-0.03,0.16
8.95,-0.34,0.88
9.66,-0.41,1.55
11.78,0.67,1.50
12.46,0.95,1.38
11.84,0.92,0.83
10.62,-0.04,1.04
8.89,0.16,0.71
9.30,-0.06,0.22
8.97,-0.24,0.64
8.80,-0.72,1.24
10.55,-1.15,0.31
10.01,-0.11,0.80
9.17,-0.07,1.16
9.20,-0.51,1.32
10.03,-0.04,1.71
9.25,0.00,0.34
9.04,-0.27,0.68
8.88,-0.68,1.17
10.35,-1.12,0.49
9.85,-0.12,0.79
9.27,-0.06,1.05
9.25,-0.61,1.59
10.28,-0.04,1.73
12.43,0.91,1.30
12.07,1.11,1.64
11.41,0.40,0.60
9.64,-0.24,1.14
9.09,0.20,0.31
8.93,-0.19,0.62
9.21,-0.66,1.65
10.25,0.08,1.67
12.00,0.77,1.28
12.05,1.08,1.58
11.29,0.29,0.72
9.49,-0.19,1.13
9.08,0.13,0.28
8.73,-0.20,0.56
8.76,-0.37,0.83
9.17,-0.87,1.07
10.38,-0.43,0.42
9.69,0.12,1.08
9.19,-0.23,1.18
9.67,-0.27,1.85
8.94,0.28,0.33
8.86,-0.22,0.47
8.68,-0.45,1.00
9.42,-1.00,1.01
10.21,-0.29,0.55
9.57,0.11,1.01
9.00,-0.31,1.29
9.84,-0.15,1.83
11.66,0.58,1.43
12.56,1.02,1.48
12.14,0.93,0.87
9.74,-0.17,1.36
8.82,0.26,0.70
9.10,0.01,0.30
8.81,-0.42,0.88
9.43,-0.39,1.58
12.00,0.69,1.41
12.51,1.13,1.43
12.04,0.75,0.58
10.47,-0.22,1.20
8.92,0.22,0.55
9.11,-0.03,0.24
8.94,-0.24,0.66
9.35,-0.96,1.09
10.94,-0.97,0.16
9.92,0.05,0.85
8.87,-0.34,1.34
9.21,-0.42,1.29
10.55,-0.00,1.79
9.01,0.01,0.40
8.98,-0.28,0.75
9.62,-1.06,0.93
10.79,-0.82,0.30
9.72,0.12,0.96
8.95,-0.10,1.16
9.34,-0.43,1.36
10.84,0.08,1.76
12.33,0.90,1.49
12.20,1.08,0.85
10.88,-0.04,1.02
9.01,-0.14,1.13
8.95,0.07,0.34
8.88,-0.09,0.54
9.55,-0.40,1.62
11.27,0.28,1.67
12.47,1.04,1.52
12.36,1.19,1.18
10.47,-0.22,1.18
8.72,-0.02,1.07
8.85,0.14,0.25
9.06,-0.19,0.49
8.98,-0.57,1.15
10.16,-1.12,0.64
9.81,0.03,0.83
9.15,-0.01,1.00
8.81,-0.42,1.25
10.49,0.04,1.64
12.06,0.82,1.49
9.09,-0.27,0.67
8.91,-0.61,1.24
10.32,-1.19,0.53
9.80,0.06,0.87
9.10,-0.14,1.03
8.83,-0.52,1.33
9.65,-0.23,1.85
12.13,0.91,1.55
12.35,1.20,1.38
11.62,0.51,0.68
9.10,-0.08,1.13
8.88,0.20,0.28
9.16,-0.09,0.30
8.90,-0.44,0.99
9.95,-0.08,1.70
12.32,0.91,1.50
12.38,1.15,1.13
11.50,0.43,0.74
9.68,-0.28,1.28
8.88,0.15,0.28
9.15,-0.11,0.33
8.95,-0.27,0.75
9.88,-1.15,0.83
10.74,-0.62,0.27
9.58,0.13,0.92
8.95,-0.39,1.13
9.39,-0.46,1.84
11.18,0.39,1.55
9.13,-0.14,0.31
8.90,-0.33,0.78
9.13,-0.81,1.13
10.58,-0.48,0.30
9.50,0.20,1.02
8.99,-0.21,1.19
9.46,-0.35,1.98
11.29,0.43,1.57
12.55,0.89,1.44
11.78,0.73,0.95
10.25,-0.20,1.07
8.80,-0.03,0.92
9.27,0.04,0.30
8.99,-0.22,0.66
8.92,-0.52,1.12
11.41,0.43,1.43
12.72,0.85,1.30
12.02,1.18,1.43
10.26,-0.19,0.99
8.87,-0.02,0.91
9.12,0.18,0.35
9.04,-0.19,0.67
8.85,-0.51,1.03
10.12,-1.19,0.62
9.87,0.06,0.93
9.25,-0.01,1.01
9.02,-0.62,1.35
10.59,0.13,1.59
12.31,0.72,1.33
9.15,-0.12,0.43
8.82,-0.51,1.04
10.17,-1.16,0.57
10.33,-0.40,0.52
9.26,0.01,0.97
8.92,-0.64,1.53
9.56,-0.15,1.80
12.42,0.74,1.23
12.26,1.14,1.72
11.54,0.66,1.04
9.30,-0.22,0.93
9.13,0.19,0.30
9.25,-0.02,0.47
8.84,-0.31,0.94
9.63,-0.17,1.73
11.48,0.57,1.32
12.30,1.16,1.75
11.63,0.57,1.08
10.09,-0.11,0.77
9.13,0.16,0.44
9.12,0.04,0.59
8.97,-0.19,0.68
9.38,-0.79,0.94
10.74,-1.02,0.42
9.72,0.09,0.96
9.22,-0.37,0.99
9.02,-0.65,1.94
10.55,0.26,1.26
8.99,-0.01,0.57
8.78,-0.05,0.65
8.99,-0.45,0.88
10.68,-1.11,0.33
9.77,-0.00,0.93
9.46,0.07,0.67
8.91,-0.55,1.98
10.41,0.33,1.24
12.15,0.52,1.63
12.07,1.09,1.46
10.93,0.17,1.35
9.83,0.15,0.17
9.21,-0.19,0.49
8.91,0.05,0.64
8.95,-0.26,0.91
10.23,0.30,1.34
12.15,0.48,1.61
12.41,1.24,1.37
11.05,0.22,1.32
10.00,0.05,0.33
9.15,-0.10,0.67
8.82,0.11,0.56
8.86,-0.24,0.99
9.29,-0.72,0.90
10.61,-1.12,0.32
9.48,0.10,0.91
9.11,-0.22,1.08
8.85,-0.57,1.93
10.99,0.37,1.58
8.76,-0.12,0.63
8.77,-0.22,0.99
9.21,-0.59,0.92
10.60,-1.16,0.40
9.62,0.02,0.97
9.29,-0.23,0.90
8.87,-0.60,1.93
10.80,0.39,1.56
12.61,0.71,1.33
12.30,1.07,1.41
11.39,0.29,1.32
9.45,0.11,0.28
9.06,-0.25,0.39
8.52,0.04,0.66
8.68,-0.62,2.05
9.84,0.17,1.28
11.74,0.40,1.59
12.44,1.04,1.41
11.54,0.33,1.32
10.29,0.01,0.74
9.02,-0.20,0.47
8.56,0.08,0.63
8.88,-0.18,0.90
9.73,-0.88,0.75
10.69,-0.93,0.46
9.62,0.04,0.97
9.00,-0.51,1.37
9.18,-0.44,1.63
10.46,0.41,1.38
8.64,-0.05,0.61
8.72,-0.03,0.90
9.11,-0.48,0.99
10.80,-1.00,0.39
9.85,-0.04,0.96
9.38,0.02,0.72
9.08,-0.45,1.72
10.15,0.39,1.42
12.21,0.45,1.60
12.21,0.94,1.47
11.09,0.16,1.31
9.84,0.06,0.62
9.05,-0.19,0.23
8.48,-0.04,0.69
8.87,-0.65,1.70
10.00,0.26,1.19
12.01,0.39,1.54
12.36,1.23,1.50
11.18,0.29,1.30
10.06,0.01,0.45
9.06,-0.11,0.65
8.68,-0.02,0.74
8.99,-0.15,0.80
9.33,-0.62,0.99
10.78,-0.80,0.43
9.64,0.19,0.96
9.20,-0.06,0.74
9.12,-0.35,1.73
8.95,-0.14,0.83
8.90,0.11,0.41
8.98,-0.15,0.77
9.13,-0.40,0.94
10.20,-1.09,0.60
9.76,0.03,1.04
9.32,0.05,0.72
8.81,-0.72,1.81
10.40,0.36,1.21
12.27,0.37,1.49
12.20,1.33,1.44
11.65,0.41,1.39
9.68,0.01,0.46
9.01,-0.13,0.65
8.82,0.16,0.49
9.08,-0.72,1.47
9.42,-0.37,1.74
11.94,0.43,1.67
12.48,1.02,1.25
11.75,0.66,1.47
9.90,0.08,0.36
9.08,-0.17,0.86
8.92,0.22,0.38
9.19,-0.22,0.67
9.22,-0.62,1.00
10.45,-1.20,0.49
10.10,-0.22,0.70
9.21,-0.02,0.74
8.70,-0.76,1.93
8.94,0.03,0.82
9.14,0.08,0.33
9.12,-0.12,0.64
9.02,-0.39,1.02
9.96,-1.06,0.65
10.50,-0.55,0.51
9.28,0.10,0.83
8.96,-0.62,1.59
9.52,-0.26,1.61
11.96,0.41,1.64
12.23,1.10,1.53
11.61,0.57,1.44
10.68,0.08,0.50
9.17,-0.20,0.73
9.77,0.15,1.01
9.07,-0.49,1.07
8.98,-0.50,1.93
10.63,0.37,1.18
12.62,0.73,1.40
11.62,0.96,1.58
11.08,0.06,0.79
9.23,0.04,0.76
9.02,0.28,0.28
9.40,-0.19,0.60
9.12,-0.11,0.73
9.90,-1.00,0.65
10.54,-0.57,0.49
9.64,0.18,0.99
9.01,-0.61,1.37
9.97,0.04,0.42
9.24,0.03,0.31
9.26,0.03,0.65
9.11,-0.08,0.77
9.17,-0.52,1.05
10.78,-0.99,0.33
9.78,0.13,0.98
9.17,0.05,0.87
8.90,-0.59,2.08
10.55,0.30,1.28
12.12,0.46,1.58
11.64,1.15,1.53
11.04,0.05,1.05
9.47,0.03,0.58
9.01,0.20,0.41
9.34,0.17,0.96
9.11,-0.58,1.28
10.09,0.00,1.37
11.54,0.50,1.47
12.54,0.89,1.35
11.28,0.26,1.23
9.93,-0.00,0.48
9.11,-0.15,0.76
9.29,-0.01,0.70
9.12,-0.10,0.68
9.12,-0.52,1.04
10.78,-1.01,0.31
9.81,0.11,1.02
9.14,0.11,0.93
10.42,-0.03,0.74
9.19,-0.01,0.65
9.20,0.06,0.38
9.14,-0.03,0.67
8.97,-0.33,0.91
9.60,-0.92,0.87
10.14,-0.21,0.72
9.35,0.20,0.97
9.03,-0.52,1.16
9.82,-0.06,1.46
11.44,0.55,1.36
12.52,0.77,1.34
11.52,1.02,1.51
10.22,0.04,0.35
10.95,-1.16,0.34
9.58,0.24,0.96
9.04,-0.26,0.89
8.74,-0.70,1.87
10.95,0.50,1.20
12.54,0.50,1.50
11.66,1.30,1.55
11.10,0.16,1.20
9.28,-0.04,0.57
9.22,0.01,0.51
9.21,0.12,0.62
9.10,-0.25,0.86
9.60,-0.88,0.82
10.84,-0.97,0.43
9.40,0.24,0.97
11.38,0.48,1.35
10.36,-0.01,0.41
9.17,-0.07,0.60
9.22,0.17,0.67
9.21,-0.07,0.65
9.34,-0.65,0.99
10.73,-1.18,0.39
9.98,-0.06,0.90
9.04,-0.12,0.73
8.79,-0.77,1.87
10.09,0.03,1.49
12.51,0.48,1.59
11.83,1.30,1.36
11.18,0.21,1.36
10.18,-1.12,0.59
10.39,-0.38,0.65
9.48,0.27,1.01
8.95,-0.67,1.49
9.64,-0.23,1.59
11.19,0.53,1.26
12.15,1.05,1.53
11.43,0.70,1.21
10.22,-0.10,1.05
9.09,0.02,0.61
9.33,0.08,0.61
9.32,-0.07,0.65
9.04,-0.27,0.95
10.47,-1.18,0.55
12.16,0.39,1.65
11.65,1.02,1.51
10.84,0.12,1.05
9.60,-0.02,0.63
9.22,0.11,0.38
9.26,0.02,0.63
9.10,-0.15,0.83
9.85,-0.96,0.66
10.57,-0.78,0.56
9.57,0.18,0.77
9.22,-0.22,0.94
9.51,-0.33,1.36
10.78,0.25,1.51
12.41,0.60,1.51
9.01,-0.10,0.86
9.13,-0.41,1.06
10.78,-0.99,0.38
9.82,0.04,0.87
9.32,-0.05,0.71
9.03,-0.44,1.63
10.10,0.32,1.27
11.85,0.45,1.64
12.43,1.06,1.26
11.18,0.21,1.18
10.09,-0.18,0.90
8.85,0.19,0.08
8.54,0.11,0.66
8.93,-0.35,1.22
9.65,0.17,1.20
11.43,0.26,1.66
12.50,0.94,1.28
12.06,0.89,1.41
10.21,-0.11,1.17
9.48,0.01,0.05
9.08,0.05,0.22
8.59,-0.09,1.07
9.03,-0.39,1.21
10.20,-0.94,0.58
10.08,-0.09,0.73
9.27,0.07,0.84
8.58,-0.66,1.92
9.87,0.32,1.21
11.78,0.32,1.70
8.74,-0.04,0.54
9.09,-0.39,1.20
9.79,-0.74,0.86
11.00,-0.90,0.33
9.38,0.17,0.83
8.89,-0.59,1.64
9.19,-0.37,1.25
11.16,0.25,1.80
12.39,0.86,1.48
12.28,1.01,1.26
10.28,-0.07,1.12
9.06,-0.26,0.91
8.98,0.48,-0.41
8.86,-0.25,1.07
8.93,-0.55,1.69
9.70,0.17,1.26
11.94,0.66,1.58
12.48,1.03,1.29
11.64,0.43,1.19
9.53,-0.17,0.88
8.97,0.33,-0.17
9.23,-0.22,0.51
8.85,-0.32,1.26
9.42,-0.54,1.05
11.04,-1.03,0.19
9.57,0.15,0.91
8.98,-0.44,1.30
8.91,-0.54,1.73
9.09,0.22,-0.17
9.06,-0.23,0.50
8.67,0.04,0.79
9.21,-0.41,1.09
10.65,-1.00,0.47
10.56,-0.34,0.53
9.15,0.04,0.85
8.63,-0.75,1.89
9.65,-0.03,1.07
11.97,0.39,1.58
12.44,1.09,1.23
11.60,0.63,1.46
9.93,-0.07,0.78
8.89,0.17,0.11
9.84,0.11,1.03
8.96,-0.55,1.34
9.02,-0.48,1.60
10.25,0.35,1.22
12.45,0.89,1.47
11.81,0.91,1.34
10.73,0.09,1.27
9.19,0.08,0.29
9.15,-0.24,0.59
8.90,0.13,0.74
9.20,-0.37,0.95
10.11,-0.91,0.71
11.00,-0.76,0.43
9.18,0.24,0.93
8.92,-0.68,1.33
10.29,-0.10,0.41
9.13,-0.26,0.70
9.01,0.33,0.52
9.26,-0.16,0.86
9.47,-0.61,1.09
10.88,-1.16,0.26
10.14,-0.08,0.88
9.11,-0.15,0.85
8.68,-0.68,2.06
10.07,0.14,1.10
12.42,0.48,1.49
11.84,1.16,1.53
11.16,0.35,1.33
9.88,-0.06,0.23
10.71,-0.70,0.47
9.56,0.27,1.07
8.90,-0.69,1.58
9.33,-0.29,1.36
10.82,0.35,1.38
12.30,0.97,1.36
11.60,0.79,1.45
10.71,0.06,1.07
9.16,0.17,0.11
9.20,-0.24,0.67
8.90,0.22,0.83
9.22,-0.26,1.08
10.37,-1.09,0.55
10.79,-0.58,0.42
11.90,1.10,1.49
11.10,0.40,1.30
10.01,-0.10,0.91
8.90,-0.01,0.29
9.09,-0.08,0.71
9.11,-0.04,1.04
9.56,-0.63,0.89
10.98,-1.06,0.18
10.08,-0.03,0.88
9.04,-0.34,0.98
8.65,-0.63,1.81
10.05,0.20,1.21
12.34,0.57,1.52
11.95,1.12,1.42
9.25,-0.24,1.05
10.35,-1.10,0.58
10.58,-0.57,0.51
9.48,0.33,1.00
8.87,-0.74,1.65
9.41,-0.23,1.34
10.81,0.39,1.50
12.27,1.01,1.37
11.58,0.79,1.30
10.51,0.03,1.10
9.67,-0.05,0.28
9.20,-0.24,0.60
8.97,0.19,0.74
9.19,-0.27,1.13
10.10,0.27,1.09
11.79,0.33,1.66
11.86,1.08,1.44
11.11,0.28,1.14
9.91,-0.08,0.95
8.92,0.01,0.32
9.17,-0.09,0.75
9.05,-0.00,1.04
9.24,-0.42,1.08
10.90,-1.07,0.32
10.03,-0.01,0.91
9.10,0.15,0.86
8.78,-0.59,1.74
10.07,0.25,1.17
9.04,-0.15,0.66
8.91,0.04,0.91
9.19,-0.28,1.07
10.51,-1.02,0.45
10.68,-0.50,0.45
9.59,0.26,0.97
8.80,-0.71,1.75
9.49,-0.18,1.19
10.91,0.39,1.55
12.24,0.69,1.53
11.50,0.81,1.44
10.61,0.07,0.92
9.39,-0.05,0.68
9.03,-0.11,0.66
9.28,0.10,0.85
8.91,-0.48,1.64
9.94,0.27,1.10
11.71,0.33,1.72
12.33,1.00,1.26
11.15,0.28,1.31
9.93,0.00,0.87
9.24,0.01,0.21
9.14,-0.16,0.78
8.82,0.01,1.11
9.22,-0.46,1.13
11.00,-1.04,0.23
10.05,-0.02,0.86
9.18,0.05,0.83
8.90,-0.52,1.71
9.31,-0.04,0.69
9.00,0.03,0.02
9.00,0.03,0.86
9.15,-0.26,1.18
9.57,-0.65,0.88
10.75,-0.49,0.45
9.60,0.19,1.00
8.98,-0.34,1.04
9.42,-0.22,1.23
10.79,0.40,1.47
12.23,0.69,1.41
11.47,0.75,1.53
10.58,-0.04,0.99
9.51,-0.08,0.36
10.15,-0.06,0.88
9.07,0.29,0.93
8.84,-0.72,1.49
10.06,0.18,1.12
11.76,0.33,1.64
12.31,1.00,1.36
11.02,0.28,1.27
10.02,-0.11,0.46
8.94,-0.02,0.54
9.23,0.23,0.72
9.37,-0.10,0.92
9.36,-0.47,1.00
11.07,-1.12,0.17
10.23,-0.10,0.85
11.26,0.95,1.45
10.50,-0.08,1.11
9.19,-0.11,0.50
9.19,-0.09,0.55
9.64,0.05,0.72
9.33,-0.18,0.89
9.52,-0.73,1.05
10.96,-0.68,0.28
9.45,0.28,1.18
8.71,-0.04,1.04
9.35,-0.47,1.67
10.86,0.45,1.19
12.22,0.44,1.64
11.26,1.04,1.34
10.53,-0.03,1.06
10.89,-1.19,0.13
10.08,-0.05,0.82
8.97,0.33,1.14
8.92,-0.61,1.27
10.16,0.04,1.31
11.59,0.45,1.48
12.38,0.83,1.41
10.97,0.42,1.34
10.04,-0.08,0.72
9.05,-0.04,0.48
9.51,0.18,0.57
9.40,-0.04,0.86
9.12,-0.39,0.90
10.75,-1.16,0.20
12.12,0.49,1.51
11.84,1.05,1.46
10.69,0.09,1.08
9.74,-0.09,0.57
9.19,0.04,0.37
9.28,0.10,0.80
9.27,-0.12,1.04
9.32,-0.58,0.93
10.95,-0.86,0.30
9.76,0.22,1.02
9.04,-0.04,0.87
9.11,-0.42,1.57
10.45,0.42,1.16
12.05,0.44,1.70
9.02,0.20,0.88
9.21,-0.28,1.18
9.69,-0.80,0.76
10.36,-0.36,0.56
9.33,0.30,0.91
8.92,-0.49,1.23
9.61,-0.09,1.20
11.06,0.37,1.55
12.10,0.76,1.51
11.22,0.69,1.38
10.45,0.01,0.77
9.38,-0.03,0.42
9.11,-0.13,0.71
9.17,0.15,0.88
8.77,-0.73,1.67
10.25,0.30,1.21
12.00,0.39,1.67
12.16,1.07,1.40
10.93,0.28,1.15
9.86,-0.13,0.77
9.10,-0.04,0.35
9.33,0.15,0.66
9.28,-0.03,0.97
9.33,-0.40,0.94
10.37,-1.13,0.49
9.95,-0.03,0.99
8.93,0.21,0.92
8.80,-0.67,1.58
10.17,0.19,1.23
9.07,-0.02,0.53
9.22,0.20,0.74
9.18,-0.18,1.04
9.46,-0.68,1.06
10.85,-0.74,0.33
9.64,0.23,1.07
9.04,-0.17,0.97
9.27,-0.40,1.58
10.60,0.47,1.15
12.33,0.43,1.51
11.87,1.07,1.53
10.55,0.06,1.09
9.58,-0.08,0.45
9.09,0.00,0.46
9.15,0.43,1.05
8.87,-0.62,1.15
9.84,0.03,1.30
11.43,0.47,1.52
12.44,0.77,1.34
11.42,0.98,1.39
10.07,-0.18,0.85
9.23,-0.04,0.32
9.47,-0.09,0.41
9.36,0.07,0.76
9.27,-0.30,1.00
9.99,-0.97,0.70
10.30,-0.21,0.67
9.07,0.37,1.10
10.71,0.17,0.99
9.65,-0.16,0.72
9.25,0.06,0.27
9.42,0.15,0.77
9.30,-0.10,1.00
9.28,-0.52,1.00
10.61,-1.18,0.30
9.78,0.16,1.01
8.97,0.12,0.89
8.80,-0.74,1.70
10.39,0.35,1.26
11.92,0.34,1.58
11.92,1.02,1.47
10.84,0.27,1.10
9.81,-0.19,0.85
10.59,-0.47,0.52
9.53,0.28,1.07
9.04,-0.41,1.08
8.82,-0.58,1.76
10.96,0.40,1.41
12.26,0.63,1.51
11.82,1.08,1.44
10.46,-0.06,1.13
9.61,-0.05,0.32
9.20,-0.08,0.51
9.07,0.28,0.82
9.21,-0.23,1.14
9.52,-0.68,0.76
10.72,-0.61,0.41
12.19,0.98,1.35
10.99,0.31,1.11
9.96,-0.14,0.76
9.05,0.04,0.41
9.32,-0.06,0.55
9.37,0.01,0.97
9.44,-0.42,0.98
10.35,-1.09,0.55
10.03,-0.06,0.94
8.95,0.31,1.03
8.92,-0.76,1.39
10.13,0.14,1.13
11.61,0.42,1.61
12.15,0.88,1.36
9.32,-0.19,1.11
9.43,-0.63,0.93
10.75,-1.25,0.28
9.62,0.23,1.03
9.06,-0.07,0.76
8.71,-0.73,1.80
10.55,0.41,1.21
12.17,0.41,1.61
11.86,1.13,1.54
10.60,0.08,1.13
9.74,-0.06,0.41
9.11,-0.04,0.51
9.25,0.25,0.74
9.21,-0.13,1.07
9.38,-0.52,0.87
11.19,0.53,1.44
12.39,0.66,1.38
11.51,1.00,1.44
10.16,-0.10,0.92
9.28,-0.06,0.43
9.36,-0.03,0.40
9.42,0.09,0.76
9.34,-0.26,0.93
9.78,-0.88,0.80
10.42,-0.29,0.57
9.25,0.35,1.07
8.93,-0.50,0.98
9.71,-0.23,1.21
11.07,0.44,1.42
9.41,-0.00,0.59
9.25,-0.02,0.98
9.20,-0.47,0.90
10.19,-1.13,0.56
9.99,0.02,0.99
9.00,0.27,0.94
8.94,-0.73,1.58
10.20,0.23,1.20
11.74,0.45,1.64
12.15,0.90,1.41
10.91,0.34,1.24
10.08,-0.14,0.74
9.18,0.00,0.42
9.32,-0.06,0.52
8.89,-0.05,0.92
8.76,-0.74,1.80
10.61,0.43,1.24
12.16,0.42,1.48
11.82,1.07,1.53
10.55,0.04,1.18
9.60,-0.12,0.59
9.16,-0.07,0.55
9.49,0.14,0.79
9.35,-0.16,1.08
9.48,-0.61,1.02
10.82,-1.19,0.25
9.70,0.18,1.08
8.89,0.07,0.96
8.79,-0.79,1.72
9.31,-0.02,0.43
9.31,-0.02,0.53
9.32,0.11,0.79
9.15,-0.30,1.03
9.66,-0.80,0.81
10.58,-0.44,0.45
9.40,0.29,1.12
9.00,-0.36,1.05
9.55,-0.21,1.53
10.93,0.54,1.29
12.33,0.47,1.50
11.60,1.07,1.45
10.33,-0.08,1.06
9.41,-0.09,0.46
10.09,-0.02,0.87
9.06,0.31,1.09
8.94,-0.69,1.25
10.11,0.12,1.14
11.53,0.52,1.62
12.25,0.72,1.41
11.29,0.94,1.25
9.98,-0.10,0.89
9.22,-0.02,0.36
9.51,-0.04,0.52
9.42,0.03,0.85
9.19,-0.36,1.00
9.92,-0.95,0.56
10.23,-0.22,0.70
11.98,0.94,1.37
10.63,0.15,1.16
9.64,-0.14,0.57
9.15,0.04,0.50
9.55,0.30,0.91
9.33,-0.05,1.11
9.25,-0.51,0.96
10.50,-1.13,0.35
9.82,0.14,1.05
8.91,0.26,1.00
8.96,-0.83,1.41
10.30,0.25,1.25
11.72,0.48,1.67
12.14,0.79,1.41
9.23,-0.17,1.02
9.38,-0.64,0.94
10.80,-0.76,0.22
9.55,0.19,1.08
8.92,-0.06,0.91
8.83,-0.76,1.74
10.55,0.51,1.26
11.99,0.40,1.61
11.77,0.97,1.50
10.65,0.06,1.09
9.71,-0.06,0.54
9.33,-0.02,0.47
9.48,0.19,0.85
9.23,-0.08,1.03
9.23,-0.51,0.89
10.94,0.48,1.29
12.27,0.55,1.43
11.61,0.99,1.34
10.30,-0.07,1.08
9.46,-0.08,0.30
9.28,-0.01,0.51
9.45,0.20,0.92
9.28,-0.25,0.98
9.56,-0.74,0.81
10.78,-0.61,0.44
9.47,0.26,1.16
8.94,-0.12,0.95
9.28,-0.35,1.59
10.65,0.48,1.34
9.47,0.01,0.58
9.48,0.01,0.89
9.24,-0.34,1.06
9.75,-0.86,0.67
10.34,-0.22,0.61
9.34,0.35,1.05
8.98,-0.46,1.09
9.66,-0.06,1.28
11.04,0.54,1.26
12.21,0.55,1.49
11.16,0.66,1.38
10.33,-0.07,1.02
9.40,-0.07,0.37
9.50,0.06,0.60
9.08,0.30,1.03
8.96,-0.77,1.20
10.09,0.14,1.31
11.47,0.54,1.49
12.19,0.67,1.31
10.94,0.38,1.27
9.98,-0.13,0.71
9.19,-0.11,0.62
9.60,0.13,0.79
9.49,0.04,0.91
9.26,-0.37,1.03
10.65,-1.17,0.26
10.30,-0.26,0.64
9.25,0.37,1.12
8.91,-0.84,1.62
9.81,-0.10,0.64
9.20,-0.05,0.64
9.59,0.22,0.86
9.32,0.01,0.93
9.29,-0.48,0.96
10.95,-1.16,0.06
9.99,0.05,0.92
9.08,0.32,1.02
8.88,-0.69,1.71
10.15,0.17,1.23
11.50,0.52,1.55
11.81,1.04,1.34
10.93,0.43,1.33
10.01,-0.09,0.75
10.99,-0.95,0.18
9.70,0.22,1.16
8.85,0.16,1.00
8.88,-0.64,1.63
10.39,0.38,1.29
11.82,0.44,1.62
12.00,0.89,1.43
10.71,0.25,1.21
9.74,-0.16,0.67
9.19,-0.03,0.57
9.72,0.20,0.90
9.42,0.01,0.93
9.27,-0.45,1.01
11.11,-1.16,0.03
10.07,0.03,0.88
11.26,0.88,1.25
10.47,0.01,1.06
9.47,-0.13,0.61
9.26,0.03,0.51
9.67,0.18,0.82
9.30,-0.09,1.08
9.31,-0.62,1.07
10.97,-0.89,0.19
9.65,0.20,1.14
8.80,0.15,0.83
8.88,-0.56,1.60
10.41,0.39,1.34
11.82,0.49,1.59
11.54,1.04,1.35
9.21,-0.20,1.16
9.44,-0.71,0.86
10.78,-0.60,0.28
9.50,0.28,1.16
8.85,-0.14,0.97
9.26,-0.32,1.62
10.70,0.54,1.34
12.04,0.38,1.53
11.30,0.90,1.24
10.54,0.05,1.03
9.49,-0.20,0.70
9.49,0.11,0.56
9.67,0.13,0.79
9.27,-0.10,1.05
9.67,-0.14,1.45
11.03,0.55,1.33
12.29,0.47,1.53
11.15,0.67,1.28
10.37,-0.09,0.84
9.30,-0.14,0.58
9.52,0.20,0.68
9.61,0.20,0.90
9.29,-0.22,1.10
10.28,-1.07,0.36
10.79,-0.63,0.28
9.44,0.25,1.27
8.82,-0.69,1.14
9.14,-0.36,1.54
10.61,0.50,1.47
9.55,0.06,0.80
9.35,-0.08,1.06
9.05,-0.40,1.10
11.15,-1.02,0.01
10.84,-0.22,0.69
9.28,0.46,1.37
8.78,-0.58,1.16
9.58,-0.10,1.07
10.80,0.34,1.36
11.36,0.30,1.37
10.53,0.44,1.40
10.15,-0.05,1.00
9.74,-0.39,0.85
9.97,0.07,0.77
10.18,-0.38,0.55
9.87,-0.02,1.19
9.66,-0.01,1.14
9.64,-0.07,1.16
10.05,0.02,1.11
10.00,-0.04,1.08
9.98,-0.05,1.06
10.32,0.07,1.12
10.51,0.08,1.25
10.51,0.06,1.03
10.40,0.03,0.98
10.29,0.04,0.97
10.01,-0.02,0.92
9.74,0.09,1.00
9.78,-0.05,1.00
9.55,-0.11,1.02
9.91,-0.11,1.02
10.23,-0.02,0.94
10.47,-0.10,0.92
10.20,0.02,1.13
10.18,-0.00,1.00
10.23,0.01,1.06
10.26,0.09,1.10
10.27,0.07,1.03
10.23,-0.04,0.97
10.01,-0.00,0.96
9.74,-0.02,1.02
10.10,-0.05,0.93
10.10,-0.07,0.93
10.10,-0.07,0.91
10.11,-0.06,0.95
10.07,-0.01,0.94
10.07,-0.03,0.97
10.04,-0.08,0.93
10.01,-0.01,1.03
9.89,-0.05,1.04
9.94,-0.07,1.04
10.06,-0.04,0.98
10.13,0.07,1.12
10.10,0.09,1.06
10.05,0.00,1.12
10.07,-0.01,0.98
10.08,-0.04,1.01
9.97,-0.05,1.02
10.00,-0.01,0.92
10.01,0.00,0.96
10.06,-0.05,0.92
10.06,-0.07,0.93
9.99,-0.06,0.93
10.00,-0.05,0.94
9.91,-0.04,0.86
10.05,-0.11,0.91
10.13,-0.03,0.97
10.13,-0.03,0.97
10.13,0.02,0.98
10.05,-0.02,0.97
10.00,-0.04,1.07
10.02,-0.02,0.99
9.94,0.00,1.03
9.92,0.00,0.96
9.91,0.03,0.97
9.96,0.03,0.90
10.03,-0.01,0.95
10.10,-0.01,0.96
10.16,0.05,0.91
10.13,0.02,0.85
10.13,-0.08,0.95
10.01,0.01,0.96
9.97,-0.02,1.07
10.04,-0.03,0.99
10.10,-0.03,1.13
10.02,-0.02,1.04
9.98,-0.04,1.06
10.07,-0.03,1.05
10.09,-0.02,1.08
9.98,0.00,1.02
10.03,-0.06,1.01
10.07,-0.02,1.13
10.02,-0.02,1.04
10.00,0.01,0.93
10.05,-0.00,0.96
9.98,0.00,1.00
10.03,-0.03,0.95
10.07,-0.06,1.00
10.08,-0.09,0.97
10.13,-0.04,1.01
10.07,-0.10,1.02
10.08,-0.01,1.01
10.13,-0.01,0.99
10.10,-0.02,0.98
10.05,-0.06,1.05
10.02,-0.05,0.97
10.02,0.02,0.92
10.04,-0.03,0.97
9.98,0.02,1.05
9.95,0.08,0.96
10.01,0.05,1.01
10.00,-0.01,1.04
10.04,0.02,1.06
10.03,-0.02,0.99
10.04,0.02,1.10
10.06,0.01,1.11
10.09,-0.01,1.04
10.09,-0.03,1.02
10.05,-0.09,1.07
10.06,-0.07,1.07
10.06,0.00,1.02
10.07,-0.05,1.04
10.07,-0.00,0.98
9.97,-0.05,0.97
9.95,-0.00,0.98
10.01,-0.01,0.93
10.01,-0.02,1.00
10.07,-0.01,0.93
10.11,-0.04,0.91
10.13,0.00,1.06
10.17,0.03,1.05
10.16,-0.07,0.93
10.13,-0.01,0.98
10.08,-0.00,1.04
10.07,-0.04,1.01
10.02,0.01,1.00
10.03,-0.04,0.99
10.05,0.00,1.00
10.09,-0.04,1.06
10.05,-0.04,1.02
10.09,-0.04,0.97
10.09,-0.02,0.99
10.02,0.00,1.01
10.01,0.02,0.99
10.07,0.00,1.01
10.04,0.00,1.00
10.01,0.02,1.09
10.01,-0.04,1.04
10.06,-0.06,1.04
10.01,-0.03,0.97
10.04,-0.03,1.01
10.01,-0.03,1.02
10.06,-0.05,1.07
10.04,-0.00,0.99
10.06,0.02,0.97
10.10,-0.03,0.97
10.05,0.03,0.96
10.11,0.02,1.04
10.09,-0.07,0.94
10.09,0.01,1.06
10.09,0.00,1.00
10.11,0.01,0.88
10.17,-0.04,0.95
10.08,-0.00,0.99
10.01,-0.01,1.02
10.03,0.01,1.01
10.05,-0.06,0.96
10.00,-0.00,0.97
9.96,-0.05,0.95
10.01,-0.07,1.01
10.10,-0.01,1.02
10.06,0.00,0.98
10.08,-0.05,1.04
10.13,-0.02,1.05
10.17,-0.04,1.02
10.07,-0.07,1.02
10.06,-0.03,1.03
10.04,-0.10,1.07
10.10,-0.06,1.03
10.03,-0.02,0.96
10.02,-0.03,1.07
10.07,-0.02,1.10
10.02,-0.01,1.03
10.05,-0.00,1.02
10.01,0.04,0.97
10.10,-0.01,0.99
10.13,-0.04,0.94
9.99,-0.03,1.01
10.07,0.02,1.02
10.05,0.03,1.02
10.08,0.01,0.97
10.04,-0.01,0.96
10.08,0.03,1.02
10.08,0.34,1.22
10.43,-0.10,0.73
10.19,-0.55,0.89
9.80,-0.24,1.11
9.84,0.01,1.02
10.05,0.08,0.82
10.09,-0.01,0.96
9.95,0.03,0.97
10.04,0.07,0.93
10.04,-0.07,1.04
9.96,0.03,0.94
10.05,0.07,0.93
10.04,0.03,0.88
10.04,-0.01,0.99
10.34,1.08,0.68
10.99,0.41,1.25
9.67,-0.22,1.36
9.87,-0.58,0.94
10.17,-0.38,0.68
9.49,0.07,0.90
9.43,-0.02,1.12
10.13,-0.11,0.93
10.32,-0.09,0.87
10.14,0.04,1.03
10.19,0.04,1.04
10.04,-0.00,1.01
9.88,-0.03,1.03
9.79,-0.14,1.03
9.93,-0.17,1.08
10.03,-0.07,0.97
9.98,-0.04,0.96
10.03,-0.02,1.00
10.10,-0.02,1.03
10.09,0.01,1.09
9.99,0.04,1.06
10.00,0.03,1.02
10.26,0.04,-1.06
9.22,0.03,0.69
8.94,-0.49,1.74
8.96,-0.46,1.20
10.47,0.29,0.57
10.91,0.21,0.83
10.32,-0.11,1.18
9.62,-0.09,1.08
9.91,0.16,0.77
10.14,0.06,0.85
10.13,-0.06,1.02
10.16,-0.03,1.14
10.27,0.05,0.85
9.95,-0.06,0.85
10.07,0.04,1.03
10.05,0.03,0.88
9.84,0.05,1.02
9.86,-0.03,1.04
10.01,-0.02,1.00
10.12,0.01,0.93
10.02,0.05,1.04
10.05,0.02,0.97
10.16,-0.03,1.02
10.11,0.01,1.00
10.15,0.03,1.02
10.11,-0.01,1.03
10.05,-0.00,1.09
10.23,-0.26,1.93
10.19,0.09,0.95
10.27,0.06,0.83
10.22,-0.00,0.95
10.03,-0.00,1.08
9.85,0.05,1.04
9.91,-0.00,0.92
10.11,-0.08,0.99
10.39,0.07,1.18
10.16,0.21,1.01
10.12,0.00,0.65
9.79,-0.03,0.93
9.73,0.00,1.17
9.84,-0.01,1.08
10.17,-0.06,0.95
10.08,0.01,1.00
10.18,-0.03,1.00
10.33,0.46,0.91
10.08,-0.02,1.17
9.76,-0.25,1.02
10.04,-0.12,0.90
10.22,0.07,1.08
10.04,0.13,1.02
10.00,-0.06,0.99
10.20,-0.05,0.95
10.12,0.05,1.00
9.84,-0.01,1.09
9.94,0.01,1.06
10.18,-0.01,0.95
9.92,-0.08,0.62
9.85,0.12,1.02
10.04,-0.04,1.08
10.01,-0.15,1.00
9.93,-0.03,0.98
10.02,0.03,0.95
10.03,0.08,0.95
10.05,-0.03,1.09
9.98,-0.01,1.05
10.09,-0.02,0.97
10.07,0.04,1.02
10.03,0.01,1.12
10.03,0.00,0.96
10.00,0.08,0.99
9.99,0.01,1.01
9.97,0.02,0.90
10.02,0.00,0.99
10.02,0.01,1.05
10.02,-0.01,1.07
10.05,-0.02,1.00
10.01,0.03,1.03
10.09,0.01,0.96
10.09,0.01,1.00
10.08,-0.03,1.06
10.08,-0.02,0.98
10.02,0.02,0.95
10.06,-0.05,1.02
9.91,0.06,0.97
9.96,0.03,1.05
10.11,-0.02,1.01
10.09,0.03,1.14
10.06,0.07,0.95
9.93,0.01,0.91
10.02,-0.05,1.02
9.93,0.04,1.07
10.07,0.07,0.97
10.05,0.24,0.70
10.19,-0.16,1.17
10.03,-0.03,1.23
9.87,-0.01,0.96
10.11,0.06,0.79
10.03,-0.02,0.94
9.98,-0.04,1.04
10.10,0.00,0.97
10.13,0.04,0.98
10.04,-0.01,1.05
9.95,-0.01,1.09
9.97,0.03,1.08
10.00,-0.08,1.13
10.03,0.05,0.93
10.01,-0.02,1.02
10.11,-0.02,0.99
10.04,0.02,0.92
10.05,-0.04,1.05
9.96,-0.03,1.04
10.43,0.32,0.68
10.20,0.15,1.25
10.08,-0.12,1.55
10.31,-0.23,0.62
10.33,0.30,0.36
9.56,0.42,1.00
9.86,-0.24,1.40
10.41,-0.04,0.96
10.66,0.08,0.47
9.69,0.09,1.15
9.63,-0.17,1.30
10.09,-0.10,1.04
10.23,0.01,0.88
9.96,0.13,1.02
10.15,0.01,1.04
10.31,0.05,0.92
10.14,-0.01,1.02
9.88,-0.03,1.01
10.03,0.06,1.03
10.03,-0.01,0.95
9.99,-0.01,0.96
10.07,0.04,1.03
10.14,0.09,0.97
10.07,-0.04,0.96
9.88,0.01,1.07
9.95,0.01,0.97
10.13,0.03,0.93
10.16,-0.01,1.01
9.99,0.05,1.02
10.09,0.06,1.02
10.14,0.01,1.06
10.03,0.01,1.06
9.95,0.03,0.99
10.08,0.04,0.95
10.02,0.01,1.13
10.03,0.05,1.06
10.01,0.02,1.00
9.96,0.02,1.02
10.01,0.03,1.00
10.04,0.00,0.99
10.07,0.04,0.95
10.11,0.02,0.94
10.04,-0.00,0.96
10.05,0.02,1.06
10.08,-0.03,1.00
10.01,0.01,0.96
10.08,0.02,1.04
10.05,0.01,1.02
10.07,-0.03,0.98
10.13,-0.02,1.04
10.10,0.01,1.03
10.07,0.03,1.01
10.04,0.06,1.02
10.05,-0.01,0.95
10.07,-0.01,0.93
10.04,0.01,1.02
10.01,0.02,0.96
10.03,0.06,1.01
10.04,0.01,1.00
10.07,0.05,1.03
10.10,0.05,1.06
10.09,0.03,1.04
10.05,0.02,0.98
10.03,0.05,1.00
9.99,0.01,1.00
9.90,0.06,0.96
9.87,0.03,0.99
10.00,-0.06,0.96
10.21,-0.03,0.97
9.75,0.02,1.08
9.79,0.04,1.04
9.93,-0.02,0.99
10.13,-0.00,0.99
10.24,0.05,1.02
10.02,0.08,1.01
10.10,0.01,0.99
10.26,0.01,0.97
10.02,0.08,1.02
9.95,0.02,0.96
10.01,0.00,0.96
10.05,-0.07,0.97
10.02,-0.05,1.05
10.12,-0.04,0.98
10.02,0.03,0.91
10.09,-0.02,0.98
10.09,-0.05,1.02
10.10,0.02,0.97
10.09,0.04,1.02
10.04,0.03,1.00
10.03,0.01,1.00
10.09,0.02,0.98
10.06,0.00,0.98
10.06,0.02,0.93
10.01,0.01,0.99
9.99,0.01,1.00
9.97,-0.01,0.97
10.03,0.03,0.97
9.97,-0.05,1.01
10.02,0.02,1.04
10.07,0.03,0.99
10.04,0.07,1.02
10.08,0.04,1.07
10.03,-0.04,1.00
10.06,-0.03,0.98
10.03,0.04,1.06
10.02,-0.02,1.05
10.01,-0.01,0.99
10.02,-0.04,1.01
10.00,-0.01,1.05
10.03,-0.03,1.04
10.15,0.03,0.99
10.10,0.01,1.02
10.08,-0.04,0.98
10.02,0.02,0.97
10.06,-0.04,1.00
10.03,0.03,1.02
10.10,-0.03,0.99
10.14,0.04,1.05
10.04,0.00,1.05
10.05,0.03,1.06
10.07,0.06,0.99
10.10,0.05,1.06
10.07,-0.00,0.99
10.05,-0.00,1.05
10.06,-0.03,0.96
10.04,0.04,1.01
10.01,-0.02,0.98
10.03,-0.01,1.01
10.07,0.01,1.04
10.00,0.04,1.00
10.02,-0.01,1.02
10.00,-0.02,0.97
10.09,0.06,1.02
10.02,0.02,0.98
9.97,0.03,0.99
10.01,0.02,1.04
10.03,0.00,1.06
10.02,0.01,1.07
10.07,-0.02,0.96
9.97,0.00,0.99
9.95,-0.02,0.97
10.09,0.03,0.96
10.08,0.05,0.91
10.07,0.05,0.96
10.13,0.00,0.94
10.11,0.04,0.91
10.27,0.08,0.78
10.13,-0.02,0.95
9.91,-0.00,1.17
10.02,0.02,0.90
10.07,0.02,0.83
9.91,0.03,1.01
10.04,0.02,1.06
10.12,0.05,0.95
10.03,0.02,0.96
10.04,0.04,0.96
10.05,0.06,1.00
9.99,0.02,1.02
9.97,-0.01,1.02
10.03,-0.03,0.99
10.14,0.07,1.07
10.08,0.07,1.03
10.00,0.01,1.02
10.07,-0.03,0.97
10.05,-0.03,1.03
10.01,0.03,1.07
9.99,-0.06,1.03
10.05,-0.06,1.01
10.03,-0.04,1.02
10.09,-0.00,0.93
10.08,0.02,0.99
10.12,-0.02,1.01
9.99,-0.04,1.01
9.99,-0.04,0.96
10.03,0.02,0.96
10.08,0.09,1.11
10.13,0.03,1.04
10.09,0.03,0.97
10.07,-0.00,0.97
10.11,0.04,0.99
10.06,-0.05,0.99
10.01,-0.03,0.99
10.05,0.01,1.08
10.07,0.01,0.95
10.07,-0.00,1.02
10.24,-0.11,0.87
12.05,-1.13,-0.55
10.01,0.10,0.87
8.57,0.39,0.99
9.94,0.33,0.72
10.26,0.16,-0.01
7.83,-0.03,1.44
9.37,-0.36,0.83
10.04,-0.03,0.74
9.93,-0.08,0.91
9.65,-0.11,1.33
10.18,0.11,1.20
10.33,0.17,1.29
10.35,0.07,1.38
9.80,0.05,1.66
9.95,0.06,1.69
10.17,-0.00,1.64
10.21,0.01,1.62
10.24,0.04,1.56
10.29,0.10,1.45
10.16,0.06,1.05
10.18,-0.26,1.02
10.07,-0.60,1.83
10.14,-0.57,1.85
10.07,-0.54,1.81
10.23,-0.67,1.56
10.45,-0.69,1.41
10.70,-0.75,1.23
10.54,-0.69,1.27
10.51,-0.50,1.19
10.32,-0.46,1.19
10.39,-0.35,1.15
10.37,-0.27,1.06
10.42,-0.13,1.00
10.35,-0.02,0.97
10.23,0.48,0.72
10.21,0.54,0.59
10.24,0.47,0.60
10.35,0.53,0.47
10.40,0.57,0.52
10.41,0.50,0.58
10.40,0.52,0.64
10.30,0.46,0.71
10.22,0.36,0.75
10.25,0.34,0.85
10.26,0.26,0.79
10.25,0.24,0.84
10.18,0.13,0.87
10.33,-0.15,1.28
10.35,-0.13,1.23
10.24,-0.13,1.21
10.27,-0.11,1.13
10.32,-0.02,1.06
10.37,0.07,0.98
10.36,0.12,0.90
10.34,0.13,0.75
10.38,0.18,0.74
10.47,0.24,0.72
10.53,0.22,0.57
10.64,0.24,0.62
10.97,0.12,0.70
11.26,0.03,0.86
11.06,-1.07,1.80
10.66,-1.07,2.26
10.00,-1.02,2.76
9.87,-1.02,2.71
10.39,-0.86,2.41
10.64,-0.39,1.20
10.45,0.25,0.65
9.41,0.97,0.48
8.65,1.06,0.88
9.47,1.68,0.47
10.89,1.00,-0.23
11.51,0.67,-0.45
11.00,0.59,-0.25
10.87,0.00,1.00
11.07,-0.15,1.27
11.14,-0.21,1.24
11.02,-0.24,1.59
10.89,-0.28,1.72
10.60,-0.35,2.04
10.41,-0.49,2.30
10.30,-0.54,2.36
10.47,-0.49,2.15
10.47,-0.29,1.94
9.92,0.10,1.70
8.88,0.55,1.53
8.02,0.94,0.88
8.70,0.98,0.28
9.11,1.80,-0.18
9.38,2.19,-0.74
9.70,2.37,-0.83
10.01,2.25,-0.63
9.89,1.10,-0.17
9.78,0.66,0.14
9.59,0.53,0.48
9.42,0.77,0.80
9.17,0.84,0.87
9.04,0.91,0.87
9.15,0.91,1.05
9.26,1.01,1.11
9.28,1.02,1.15
9.23,0.89,1.14
9.21,0.92,1.21
9.13,1.41,0.83
9.09,1.50,0.57
9.08,1.59,0.56
9.03,1.59,0.45
8.88,1.59,0.35
8.83,1.72,0.36
8.81,1.65,0.43
8.77,1.67,0.36
8.67,1.63,0.34
8.75,1.62,0.42
8.78,1.53,0.45
8.81,1.48,0.50
8.75,1.41,0.60
8.79,1.35,0.66
8.75,1.22,0.79
8.75,1.17,0.87
8.63,0.93,1.20
8.69,1.00,1.14
8.66,1.07,1.19
8.66,1.17,1.13
8.62,1.30,1.04
8.63,1.33,1.03
8.66,1.36,0.96
8.66,1.42,0.87
8.62,1.38,0.93
8.68,1.29,0.85
8.70,1.30,0.87
8.62,1.28,0.79
8.65,1.23,0.72
8.66,1.22,0.78
8.57,1.27,0.92
8.66,1.29,0.91
8.75,1.24,0.87
9.02,1.24,0.85
9.12,1.24,0.83
9.30,1.20,0.80
9.68,1.13,0.75
9.85,1.05,0.84
10.10,0.91,0.77
10.24,0.80,0.82
10.36,0.68,0.77
10.38,0.61,0.89
10.36,0.54,1.06
9.91,0.39,1.26
9.90,0.39,1.37
9.86,0.37,1.34
9.89,0.33,1.38
9.98,0.32,1.31
10.14,0.21,1.32
10.99,-0.05,1.06
11.61,-0.07,0.95
11.91,-0.11,0.97
12.17,-0.13,1.21
12.02,-0.15,1.36
11.86,-0.25,1.48
11.95,-0.30,1.47
12.47,-0.52,1.47
12.40,-0.50,1.41
12.40,-0.39,1.46
12.27,-0.41,1.42
12.05,-0.29,1.35
11.74,-0.18,1.36
11.46,-0.11,1.38
11.51,-0.09,1.23
10.90,-0.00,1.37
10.83,0.05,1.21
10.73,0.02,1.27
10.55,0.02,1.36
10.56,-0.02,1.39
10.64,-0.09,1.36
10.74,-0.13,1.37
10.73,-0.16,1.35
10.78,-0.16,1.38
10.73,-0.14,1.38
10.82,-0.11,1.41
10.78,0.00,1.47
10.71,0.03,1.46
10.67,-0.05,1.52
10.66,-0.02,1.47
10.63,0.10,1.50
10.56,0.02,1.44
10.69,-0.06,1.67
10.65,-0.07,1.70
10.57,-0.03,1.72
10.56,0.01,1.74
9.89,1.18,1.40
17.57,1.22,-1.58
15.21,-0.01,-0.30
9.95,-0.79,1.06
9.71,-0.68,1.41
9.79,0.61,1.88
10.54,0.71,1.10
10.47,0.54,1.13
10.08,0.45,1.26
10.01,0.54,1.31
10.20,0.65,1.18
10.38,0.67,1.12
10.34,0.68,1.07
10.27,0.67,1.05
10.12,0.68,1.07
10.00,0.81,1.17
9.97,0.85,1.19
9.92,0.85,1.04
9.85,0.83,1.05
9.41,1.18,0.95
9.35,1.20,0.94
9.21,1.26,0.97
9.23,1.28,0.97
9.21,1.33,0.84
9.14,1.26,0.80
9.10,1.32,0.80
9.01,1.34,0.84
8.96,1.41,0.84
8.90,1.41,0.89
8.85,1.52,0.79
8.85,1.55,0.88
8.92,1.55,0.77
8.88,1.60,0.78
8.89,1.61,0.90
8.87,1.62,0.87
8.81,1.67,0.89
8.76,1.65,0.91
8.74,1.63,0.80
8.66,1.63,0.95
8.65,1.68,0.90
8.51,1.73,0.85
8.50,1.69,0.87
8.48,1.65,0.99
8.39,1.66,0.94
8.34,1.68,1.01
8.29,1.71,0.95
8.29,1.68,0.96
8.28,1.64,0.91
8.28,1.67,0.85
8.28,1.70,0.91
8.31,1.69,0.95
8.38,1.73,0.97
8.33,1.74,0.98
8.40,1.65,1.01
8.41,1.63,1.01
8.42,1.64,1.03
8.56,1.87,0.95
8.57,1.78,1.00
8.72,1.74,0.94
8.83,1.69,0.81
8.88,1.58,0.83
9.26,1.31,1.08
9.33,1.32,1.00
9.39,1.25,1.00
9.36,1.26,0.99
9.50,1.24,0.98
9.52,1.19,0.91
9.52,1.18,0.92
9.57,1.18,0.98
9.68,1.16,0.95
9.74,1.14,0.93
9.72,1.12,0.93
9.83,1.10,0.97
9.87,1.05,0.95
9.95,1.06,1.02
10.36,0.65,1.11
10.45,0.62,1.15
10.51,0.57,1.19
10.64,0.59,1.22
10.73,0.54,1.15
10.83,0.56,1.20
10.93,0.53,1.22
11.03,0.46,1.13
11.06,0.47,1.06
11.16,0.45,0.98
11.21,0.45,1.04
11.17,0.41,1.03
11.24,0.38,0.94
11.17,0.42,0.93
11.15,0.37,1.02
11.22,0.40,1.05
11.28,0.37,0.95
11.32,0.37,1.03
11.35,0.35,1.01
11.40,0.30,1.07
11.39,0.27,0.98
11.47,0.25,1.01
11.52,0.22,0.96
11.53,0.21,1.04
11.61,0.22,1.07
11.65,0.31,0.95
11.62,0.29,0.95
11.59,0.28,1.01
11.58,0.33,0.95
11.52,0.34,1.00
11.56,0.36,0.94
11.48,0.36,1.02
11.50,0.33,1.02
11.48,0.25,1.02
11.37,0.09,1.13
11.42,0.09,1.20
11.38,0.07,1.34
10.99,0.40,1.22
10.93,0.43,1.19
10.83,0.51,1.15
10.87,0.52,1.17
10.83,0.57,1.09
10.76,0.64,1.01
10.77,0.67,1.00
10.67,0.70,1.00
10.65,0.76,1.01
10.69,0.74,0.94
10.64,0.83,0.92
10.62,0.85,1.02
10.06,1.04,0.96
9.98,1.10,1.00
9.93,1.15,0.96
9.88,1.19,0.96
9.85,1.25,0.94
9.83,1.29,0.88
9.90,1.35,0.93
9.80,1.36,0.85
9.76,1.33,0.85
9.70,1.37,0.94
9.67,1.32,0.90
9.55,1.34,0.88
9.51,1.39,0.96
9.41,1.39,0.94
8.94,1.53,1.00
8.89,1.57,0.93
8.88,1.58,1.01
8.92,1.62,0.91
8.88,1.65,0.91
8.86,1.66,0.93
8.94,1.64,0.98
8.82,1.66,0.91
8.74,1.69,0.88
8.77,1.72,0.96
8.69,1.65,0.98
8.61,1.67,1.01
8.59,1.75,1.05
8.56,1.80,0.99
8.40,1.83,0.97
8.40,1.81,0.97
8.37,1.87,0.99
8.37,1.88,1.03
8.32,1.89,1.02
8.25,1.91,1.04
8.21,1.93,1.01
8.14,1.94,1.05
8.19,1.95,0.97
8.22,1.91,1.06
8.26,1.99,1.06
8.31,1.93,0.96
8.41,2.11,0.97
8.46,2.12,0.91
8.46,1.82,1.06
8.50,1.83,1.10
8.57,1.81,1.13
8.62,1.77,1.18
8.66,1.73,1.12
8.73,1.69,1.07
8.77,1.63,1.22
8.80,1.65,1.12
8.87,1.59,1.13
8.92,1.62,1.11
8.94,1.65,1.11
9.02,1.61,1.04
9.08,1.58,1.02
9.13,1.54,1.06
9.25,1.25,1.11
9.29,1.25,1.11
9.40,1.24,1.12
9.40,1.21,1.18
9.49,1.15,1.15
9.50,1.18,1.08
9.64,1.12,1.13
9.69,1.18,1.13
9.65,1.14,1.00
9.76,1.07,1.06
9.81,1.14,1.09
9.85,1.07,1.00
9.96,1.07,0.93
10.08,0.99,0.92
10.63,0.84,0.89
10.75,0.78,0.92
10.77,0.76,0.96
10.91,0.74,0.98
11.05,0.63,1.02
11.14,0.59,1.04
11.12,0.56,1.10
11.25,0.52,1.03
11.30,0.51,1.04
11.31,0.50,0.94
11.32,0.46,0.95
11.36,0.47,0.98
11.47,0.39,0.94
11.59,0.40,0.91
11.63,0.44,0.86
11.69,0.41,0.90
11.72,0.39,0.86
11.82,0.37,0.93
11.87,0.29,1.02
11.89,0.28,1.04
11.91,0.26,1.03
11.85,0.25,1.03
11.81,0.27,1.06
11.80,0.33,1.00
11.80,0.23,1.12
11.80,0.25,1.15
11.77,0.29,1.10
11.78,0.26,1.11
11.76,0.35,1.01
11.71,0.40,1.06
11.68,0.35,1.05
11.68,0.44,1.02
11.61,0.46,0.96
11.54,0.48,0.89
11.48,0.46,1.03
11.49,0.52,0.92
11.39,0.53,0.93
10.95,0.73,0.85
10.90,0.70,0.85
10.85,0.75,0.85
10.74,0.73,0.89
10.65,0.76,0.93
10.65,0.82,0.89
10.55,0.82,0.95
10.50,0.85,1.02
10.33,0.94,1.01
10.28,0.94,0.98
10.18,0.97,1.06
10.10,1.03,1.00
9.73,1.16,1.00
9.66,1.23,1.04
9.59,1.25,1.03
9.57,1.28,1.09
9.55,1.34,1.02
9.48,1.34,1.05
9.43,1.42,1.05
9.39,1.43,1.06
9.33,1.39,1.07
9.22,1.47,1.10
9.14,1.43,1.04
9.07,1.46,1.12
8.99,1.54,1.06
8.99,1.59,1.05
8.62,1.65,1.16
8.56,1.72,1.21
8.56,1.74,1.21
8.52,1.71,1.20
8.41,1.79,1.05
8.42,1.81,1.08
8.35,1.85,0.97
8.29,1.83,1.00
8.27,1.90,1.06
8.20,1.93,1.03
8.19,1.95,1.07
8.21,1.96,1.03
8.20,1.92,1.08
8.26,1.95,1.03
8.27,1.93,1.09
8.28,1.98,1.09
8.33,1.96,1.08
8.35,1.93,1.05
8.32,1.96,1.05
8.37,1.92,1.00
8.52,1.93,1.14
8.51,1.96,1.10
8.54,2.27,0.91
8.47,2.19,0.96
8.39,2.10,0.79
8.36,1.99,0.90
8.38,1.97,0.97
8.39,1.80,0.98
8.55,1.65,1.20
8.61,1.57,1.24
8.77,1.53,1.24
8.85,1.50,1.20
8.88,1.45,1.24
8.98,1.44,1.27
9.06,1.52,1.22
9.09,1.46,1.16
9.14,1.42,1.08
9.18,1.33,1.04
9.19,1.40,1.09
9.24,1.40,1.11
9.32,1.32,1.07
9.36,1.32,0.99
9.74,1.19,1.05
9.84,1.10,1.03
9.98,1.03,1.04
10.02,1.03,1.06
10.23,1.01,0.97
10.33,0.93,0.92
10.30,0.88,0.96
10.46,0.87,0.94
10.51,0.84,0.89
10.60,0.85,0.85
10.72,0.82,0.89
10.77,0.83,0.90
10.91,0.82,0.86
11.36,0.53,0.82
11.36,0.56,0.84
11.40,0.44,0.89
11.48,0.48,0.96
11.48,0.49,0.96
11.47,0.47,1.01
11.47,0.44,0.90
11.55,0.40,0.93
11.54,0.42,0.98
11.58,0.34,0.98
11.58,0.40,1.05
11.68,0.33,1.06
11.97,0.36,0.92
11.98,0.34,0.91
11.93,0.34,0.91
11.95,0.39,0.97
11.97,0.38,0.95
11.98,0.35,0.93
11.94,0.34,0.99
11.93,0.29,1.03
11.88,0.29,1.06
11.87,0.28,1.13
11.81,0.27,1.13
11.84,0.19,1.18
11.61,0.39,1.19
11.49,0.45,1.10
11.43,0.50,1.03
11.35,0.47,1.05
11.20,0.54,0.98
11.15,0.56,0.99
11.11,0.52,0.99
10.98,0.58,1.02
10.92,0.65,0.98
10.81,0.73,0.96
10.80,0.69,0.98
10.71,0.82,0.95
10.60,0.75,0.96
10.34,0.98,0.95
10.33,1.07,0.98
10.28,1.16,0.91
10.21,1.14,0.85
10.08,1.15,0.78
10.02,1.23,0.78
10.00,1.22,0.81
9.88,1.25,0.85
9.83,1.29,0.91
9.74,1.28,0.89
9.68,1.30,0.98
9.56,1.28,1.08
9.55,1.28,1.09
9.31,1.48,1.01
9.32,1.46,1.06
9.21,1.49,1.07
9.23,1.55,0.98
9.10,1.47,1.06
9.05,1.50,1.03
8.92,1.53,1.13
8.91,1.57,1.18
8.86,1.70,1.12
8.82,1.72,0.99
8.74,1.74,1.00
8.71,1.73,1.04
8.60,1.76,1.04
8.53,1.76,1.00
8.38,1.89,1.07
8.31,1.88,1.07
8.26,1.96,1.01
8.24,1.94,1.07
8.23,1.99,1.14
8.28,2.02,1.08
8.20,1.93,1.00
8.19,1.95,0.99
8.23,1.97,1.01
8.24,2.04,1.07
8.17,2.03,1.08
8.18,1.95,1.08
8.15,2.00,1.07
8.17,1.99,1.07
8.16,1.95,1.11
8.22,1.97,1.12
8.27,1.97,1.09
8.34,2.15,1.02
8.25,2.15,0.94
8.33,2.00,0.91
8.39,1.87,1.00
8.40,1.83,1.02
8.43,1.75,1.07
8.44,1.76,1.12
8.48,1.73,1.22
8.49,1.68,1.32
8.56,1.64,1.30
8.64,1.68,1.23
9.06,1.53,0.95
9.09,1.50,1.06
9.14,1.49,1.08
9.15,1.46,1.03
9.17,1.45,1.02
9.18,1.41,1.12
9.26,1.31,0.97
9.30,1.35,0.94
9.40,1.33,0.95
9.53,1.29,0.90
9.65,1.28,0.86
9.80,1.24,0.83
9.87,1.23,0.81
10.37,1.00,0.91
10.50,0.93,0.81
10.60,0.89,0.90
10.71,0.85,0.88
10.83,0.83,0.93
10.89,0.77,0.86
11.05,0.68,1.01
11.08,0.66,0.98
11.13,0.62,1.02
11.30,0.53,0.98
11.34,0.48,0.96
11.42,0.44,1.04
11.55,0.48,0.96
11.81,0.33,0.85
11.81,0.33,0.87
11.92,0.29,0.96
12.03,0.38,0.97
12.05,0.35,0.88
12.05,0.32,0.87
12.12,0.33,0.79
12.16,0.37,0.83
12.21,0.37,0.87
12.21,0.28,0.82
12.24,0.25,0.82
12.19,0.27,0.93
12.28,0.20,0.95
12.27,0.25,1.00
12.21,0.20,1.00
12.22,0.22,1.05
12.11,0.22,1.03
12.04,0.20,1.06
12.00,0.25,1.12
11.92,0.23,1.14
11.84,0.28,1.13
11.77,0.25,1.17
11.70,0.23,1.13
11.65,0.30,1.08
11.60,0.34,1.08
11.16,0.70,0.92
11.12,0.70,0.93
11.04,0.72,0.91
10.97,0.72,0.99
10.89,0.74,1.10
10.89,0.72,1.07
10.83,0.79,1.15
10.79,0.82,1.21
10.78,0.83,1.15
10.77,0.85,1.18
10.69,0.88,1.18
10.56,0.85,1.16
10.07,1.17,1.02
10.01,1.18,1.06
9.81,1.24,1.01
9.75,1.30,0.91
9.56,1.30,1.01
9.57,1.35,0.95
9.40,1.40,0.98
9.43,1.37,0.97
9.34,1.50,1.11
9.25,1.54,1.00
9.23,1.55,0.95
9.17,1.62,0.97
9.08,1.63,0.89
9.01,1.67,1.01
8.63,1.83,0.92
8.62,1.87,0.96
8.44,1.91,1.02
8.40,2.00,1.02
8.36,2.06,1.05
8.31,2.04,1.03
8.31,2.07,0.98
8.30,2.10,1.01
8.20,2.14,1.05
8.26,2.16,1.07
8.27,2.14,1.07
8.22,2.10,1.07
8.14,2.18,1.12
8.07,2.19,1.10
7.73,2.25,1.06
7.68,2.35,1.02
7.84,2.27,1.06
7.65,2.25,1.12
7.71,2.49,1.00
7.81,2.62,0.91
7.74,2.44,0.91
7.73,2.42,1.05
7.66,2.38,0.94
7.72,2.36,0.97
7.73,2.29,1.04
7.72,2.28,1.09
7.70,2.30,1.12
7.86,2.23,1.14
7.97,2.18,1.15
8.10,2.16,1.04
8.22,2.19,1.08
8.26,2.21,1.07
8.32,2.21,1.01
8.37,2.11,1.02
8.40,2.16,1.03
8.42,2.12,1.12
8.47,2.13,1.04
8.53,2.01,1.17
8.58,1.91,1.12
8.60,1.92,1.10
8.66,1.78,1.09
9.04,1.58,1.07
9.14,1.58,1.09
9.34,1.52,1.08
9.41,1.50,0.98
9.46,1.42,1.02
9.58,1.36,1.06
9.66,1.38,1.11
9.67,1.37,1.03
9.73,1.34,0.98
9.82,1.25,1.05
9.90,1.27,1.09
9.97,1.23,1.04
10.14,1.19,1.01
10.24,1.13,0.93
10.99,0.84,1.01
11.13,0.81,1.03
11.10,1.05,1.25
11.42,1.04,1.11
11.39,0.96,1.08
11.50,0.86,0.98
11.52,0.79,0.96
11.67,0.70,0.88
11.77,0.61,0.78
11.84,0.47,0.85
11.94,0.39,0.79
11.98,0.36,0.74
12.26,0.16,0.79
12.34,0.05,0.92
12.39,-0.03,0.94
12.40,0.00,0.96
12.50,-0.02,0.97
12.48,-0.03,1.07
12.52,0.06,1.12
12.63,0.06,1.15
12.57,0.05,1.27
12.58,0.06,1.23
12.56,0.06,1.28
12.57,0.04,1.22
12.58,0.12,1.13
12.18,0.39,0.99
12.13,0.41,0.95
12.02,0.43,0.95
11.94,0.43,0.90
11.77,0.31,1.00
11.65,0.11,1.13
11.74,0.14,1.14
11.69,0.27,1.30
11.62,0.39,1.32
11.60,0.48,1.35
11.52,0.61,1.29
11.46,0.66,1.26
11.00,0.85,0.92
10.82,0.85,0.99
10.75,0.89,1.07
10.67,0.99,1.07
10.57,0.98,1.07
10.43,1.03,1.06
10.33,1.07,1.16
10.22,1.07,1.22
10.08,1.12,1.16
10.10,1.24,1.08
9.96,1.18,1.15
9.86,1.26,1.14
9.69,1.31,1.27
9.41,1.66,0.89
9.25,1.65,0.87
9.22,1.68,0.88
9.13,1.76,0.90
8.96,1.94,1.05
8.91,2.11,1.04
8.83,2.19,1.04
8.73,2.11,0.98
8.67,2.09,0.97
8.60,2.04,0.91
8.57,2.04,0.80
8.42,1.95,0.93
8.38,1.96,0.89
8.31,2.01,0.86
7.98,2.21,0.81
7.90,2.25,0.87
7.91,2.31,0.82
7.88,2.31,0.87
7.86,2.28,0.90
7.80,2.27,0.93
7.77,2.27,0.96
7.80,2.33,0.94
7.75,2.42,0.88
7.77,2.28,1.02
7.66,2.32,1.10
7.69,2.40,0.94
7.75,2.45,0.93
7.66,2.34,1.12
7.70,2.34,1.04
7.75,2.32,1.08
7.83,2.29,1.03
7.86,2.26,1.09
7.94,2.26,1.13
7.88,2.30,1.12
7.89,2.26,1.09
7.86,2.23,1.11
7.85,2.25,1.01
7.86,2.25,1.00
7.94,2.21,1.10
7.93,2.15,0.97
7.97,2.19,1.01
8.35,2.03,1.00
8.46,1.94,0.96
8.48,1.96,1.01
8.57,1.96,1.01
8.74,1.93,1.04
8.87,2.25,0.94
8.88,2.07,1.07
8.94,1.98,1.02
9.06,1.89,1.09
9.14,1.79,1.07
9.22,1.74,1.12
9.45,1.47,1.05
9.42,1.37,1.17
9.49,1.34,1.21
10.10,1.23,1.12
10.17,1.18,1.05
10.19,1.17,0.94
10.33,1.14,0.87
10.44,1.17,0.86
10.49,1.10,0.85
10.69,1.05,0.89
10.77,1.01,0.80
10.91,0.98,0.91
11.03,0.95,0.84
11.18,0.88,0.89
11.29,0.78,0.93
11.43,0.72,0.89
12.07,0.44,0.93
12.10,0.44,0.93
12.23,0.27,0.95
12.29,0.24,0.93
12.33,0.17,1.00
12.32,0.13,0.99
12.48,0.08,0.86
12.51,0.11,0.96
12.58,0.09,1.01
12.69,0.07,1.07
12.75,0.06,1.05
12.84,0.09,1.06
12.79,0.20,1.08
12.71,0.28,1.09
12.70,0.30,1.01
12.58,0.34,1.01
12.47,0.31,0.95
12.42,0.36,0.95
12.36,0.40,1.02
12.23,0.43,1.07
12.15,0.38,0.98
12.07,0.48,0.96
12.00,0.54,1.02
11.92,0.46,0.96
11.86,0.51,0.96
11.57,0.49,1.06
11.44,0.62,1.13
11.37,0.71,1.06
11.22,0.82,1.05
11.17,0.87,0.94
11.08,0.92,0.98
10.83,0.96,0.93
10.76,0.98,0.86
10.60,1.03,0.97
10.44,1.09,0.91
10.34,1.13,0.95
10.24,1.18,0.97
9.59,1.34,1.19
9.62,1.41,1.01
9.55,1.49,1.01
9.44,1.50,1.10
9.36,1.57,1.00
9.35,1.62,0.91
9.17,1.62,1.00
9.07,1.64,0.99
8.95,1.68,1.10
8.82,1.79,1.06
8.73,1.83,1.02
8.67,1.94,0.91
8.58,2.05,1.01
8.48,2.11,1.07
8.12,2.10,0.94
8.07,2.07,0.94
7.92,2.15,0.99
7.81,2.17,1.06
7.79,2.15,1.01
7.70,2.19,0.95
7.68,2.26,0.91
7.64,2.31,0.93
7.61,2.29,0.94
7.57,2.36,0.83
7.49,2.34,0.86
7.52,2.32,0.88
7.51,2.36,0.95
7.53,2.35,0.87
7.69,2.40,0.92
7.58,2.32,0.93
7.60,2.31,0.91
7.61,2.34,1.03
7.65,2.37,1.05
7.59,2.37,1.00
7.70,2.30,0.97
7.75,2.15,0.95
7.79,2.14,0.96
7.92,2.11,0.98
7.91,2.13,0.98
7.97,2.22,0.85
8.00,2.22,0.81
8.47,1.98,1.20
8.52,1.96,1.30
8.58,1.92,1.27
8.60,1.88,1.19
8.68,1.94,1.22
8.68,1.90,1.21
8.76,1.82,1.27
8.80,1.78,1.12
8.86,1.78,1.23
8.98,1.73,1.14
9.05,1.65,1.14
9.12,1.58,1.19
9.16,1.57,1.12
9.39,1.53,1.11
9.94,1.32,1.13
10.09,1.31,1.13
10.44,1.56,0.98
10.49,1.47,1.01
10.50,1.34,1.04
10.66,1.20,1.12
10.93,0.87,1.13
10.97,0.75,1.15
11.12,0.64,1.17
11.26,0.61,1.33
11.37,0.53,1.23
11.43,0.51,1.22
11.58,0.50,1.20
12.01,0.58,0.94
12.09,0.59,0.83
12.15,0.55,0.82
12.13,0.51,0.80
12.23,0.48,0.82
12.33,0.50,0.79
12.34,0.47,0.74
12.33,0.45,0.80
12.35,0.44,0.84
12.41,0.41,0.88
12.45,0.43,0.80
12.44,0.39,0.79
12.47,0.43,0.87
12.46,0.43,0.92
12.41,0.48,0.89
12.40,0.46,0.86
12.38,0.46,0.93
12.33,0.50,0.87
12.29,0.51,0.95
12.20,0.50,0.90
12.14,0.45,1.02
12.08,0.48,1.09
11.95,0.57,1.04
11.88,0.60,0.99
11.80,0.60,1.06
11.25,0.69,1.25
11.15,0.86,1.14
11.10,0.96,1.02
11.02,0.89,1.00
10.82,0.90,1.02
10.75,0.90,0.92
10.65,0.99,1.04
10.54,1.03,1.00
10.43,1.08,1.08
10.30,1.15,1.05
10.21,1.22,1.05
10.07,1.30,1.02
9.51,1.57,0.94
9.53,1.65,0.91
9.47,1.65,0.83
9.35,1.77,0.86
9.29,1.77,0.79
9.16,1.81,0.78
9.04,1.85,0.80
8.95,1.85,0.81
8.94,1.86,0.87
8.84,1.92,0.85
8.80,2.00,0.94
8.78,2.02,0.97
8.74,2.04,1.02
8.71,2.00,1.05
8.33,2.00,1.15
8.30,2.04,1.01
8.22,2.07,1.02
8.16,2.17,1.02
8.06,2.18,0.93
8.03,2.16,0.91
7.89,2.16,0.91
7.86,2.19,0.89
7.79,2.22,0.90
7.79,2.24,0.84
7.79,2.28,0.88
7.72,2.32,0.88
7.70,2.34,0.92
7.66,2.38,0.85
7.64,2.36,1.01
7.71,2.32,1.10
7.66,2.35,1.05
7.71,2.31,0.98
7.74,2.27,1.09
7.77,2.28,1.04
7.80,2.31,1.04
7.82,2.32,1.08
7.84,2.30,1.08
7.81,2.26,1.10
7.86,2.20,1.09
7.95,2.18,1.04
7.98,2.22,1.08
8.13,2.13,1.10
8.31,2.13,0.93
8.49,2.24,0.94
8.40,2.05,0.94
8.37,2.00,1.00
8.58,1.99,0.95
8.58,1.97,1.03
8.67,1.92,1.03
8.67,1.83,1.14
8.71,1.77,1.17
8.89,1.69,1.08
8.88,1.76,0.98
9.00,1.58,1.03
9.01,1.56,1.05
9.25,1.57,0.83
9.83,1.37,0.79
10.03,1.37,0.80
10.08,1.31,0.79
10.27,1.28,0.74
10.36,1.19,0.77
10.48,1.08,0.78
10.67,1.05,0.80
10.74,1.02,0.92
10.80,0.87,0.94
10.89,0.86,0.94
11.05,0.77,0.92
11.22,0.68,1.02
12.03,0.68,1.10
12.13,0.54,1.09
12.23,0.41,1.12
12.19,0.28,1.10
12.23,0.20,1.02
12.32,0.14,1.04
12.28,0.04,0.93
12.29,-0.03,0.92
12.35,-0.10,0.95
12.37,-0.09,1.00
12.33,-0.13,0.95
12.35,-0.18,0.97
12.46,-0.15,1.02
12.52,-0.04,1.12
12.58,0.06,1.13
12.51,0.07,1.18
12.52,0.13,1.19
12.44,0.07,1.16
12.38,0.08,1.10
12.32,0.09,1.12
12.34,0.27,1.09
12.31,0.28,1.04
12.25,0.33,1.01
12.15,0.38,0.96
12.11,0.39,0.84
11.74,0.51,1.02
11.63,0.47,1.11
11.58,0.53,1.06
11.56,0.53,1.08
11.46,0.61,1.11
11.32,0.62,1.01
11.15,0.63,1.07
10.92,0.42,1.17
10.84,0.47,1.14
10.84,0.58,1.24
10.72,0.67,1.28
10.58,0.79,1.32
10.10,1.07,0.99
10.02,1.13,1.02
9.94,1.15,1.06
9.86,1.15,0.97
9.66,1.24,0.99
9.58,1.27,1.03
9.45,1.32,1.01
9.49,1.40,0.98
9.22,1.34,1.13
9.19,1.39,1.20
9.19,1.43,1.19
9.22,1.47,1.12
9.13,1.61,1.11
9.24,1.58,1.00
8.94,1.83,0.92
8.77,1.86,0.94
8.68,1.84,0.94
8.56,1.92,0.88
8.51,1.98,0.85
8.45,2.03,1.00
8.31,2.07,1.00
8.33,2.03,0.91
8.25,2.10,0.92
8.20,2.09,0.89
8.14,2.11,0.85
8.11,2.17,0.87
8.08,2.18,0.87
7.77,2.35,0.92
7.75,2.33,0.91
7.75,2.33,0.91
7.73,2.29,0.93
7.66,2.31,0.96
7.68,2.28,1.01
7.70,2.26,1.03
7.78,2.23,1.03
7.78,2.25,0.95
7.84,2.26,0.98
7.84,2.23,1.07
7.89,2.25,1.17
7.83,2.19,1.08
7.86,2.22,1.01
7.91,2.14,1.13
7.98,2.02,1.11
8.05,2.01,1.14
8.06,2.03,1.13
8.05,1.99,1.10
8.00,1.91,0.95
8.00,1.92,1.04
8.08,1.98,0.92
8.11,2.01,0.93
8.17,1.97,0.95
8.18,1.94,0.95
8.35,1.87,1.04
8.46,1.84,1.10
8.50,1.79,0.97
9.36,1.41,1.17
9.42,1.33,1.23
9.50,1.27,1.12
9.60,1.24,1.21
9.65,1.20,1.23
9.73,1.18,1.15
9.80,1.16,1.04
9.84,1.21,1.04
9.97,1.16,1.01
10.01,1.13,1.01
10.19,1.15,0.89
10.31,1.26,0.85
10.47,1.25,0.77
10.44,1.14,0.81
11.00,0.75,0.83
11.10,0.74,0.92
11.16,0.66,0.85
11.17,0.62,0.89
11.25,0.64,0.90
11.25,0.52,0.93
11.19,0.48,0.95
11.14,0.47,0.91
11.11,0.51,0.93
11.16,0.52,0.95
11.24,0.47,0.91
11.16,0.52,0.94
11.03,0.40,1.08
11.10,0.37,1.11
11.04,0.33,1.10
11.11,0.41,1.11
11.09,0.37,1.10
11.01,0.42,1.19
11.14,0.19,1.28
11.26,0.30,1.06
11.23,0.29,1.27
11.35,0.21,0.98
11.16,0.26,1.12
11.14,0.34,1.04
11.13,0.41,1.02
10.92,0.42,0.79
10.91,-0.14,0.56
10.49,0.47,0.92
10.92,0.62,0.83
10.65,0.68,0.92
10.52,0.66,1.10
10.58,0.68,1.02
10.63,0.54,0.97
10.45,0.40,1.12
10.32,0.45,1.12
10.27,0.47,1.11
10.24,0.51,1.16
9.87,0.64,0.92
9.81,0.62,1.00
9.80,0.65,0.96
9.82,0.65,0.90
9.85,0.62,0.89
9.86,0.54,0.83
9.99,0.58,0.85
9.98,0.58,0.85
9.94,0.59,0.76
9.95,0.62,0.88
10.01,0.59,1.01
10.08,0.62,0.97
10.05,0.61,0.92
9.90,0.64,1.23
9.87,0.66,1.25
9.98,0.58,1.20
10.01,0.55,1.16
10.02,0.44,1.21
10.30,0.48,1.11
10.22,0.46,1.15
10.26,0.45,0.99
10.20,0.40,1.02
10.18,0.49,1.03
10.09,0.52,1.02
10.07,0.27,0.98
10.07,0.22,1.02
10.06,0.75,0.73
10.13,0.68,0.68
10.02,0.62,0.68
10.03,0.63,0.73
10.03,0.57,0.89
10.01,0.47,1.01
10.03,0.44,1.01
10.01,0.41,1.01
10.02,0.49,1.06
10.07,0.43,1.10
10.12,0.47,1.05
10.15,0.52,1.02
10.32,0.43,0.93
10.33,0.37,0.96
10.34,0.40,0.94
10.32,0.38,0.95
10.29,0.39,0.96
10.26,0.43,0.99
10.23,0.41,1.04
10.20,0.40,1.02
10.18,0.43,1.02
10.13,0.45,1.03
10.18,0.35,1.04
10.14,0.44,0.98
10.11,0.50,0.98
10.07,0.41,1.03
10.04,0.42,1.14
10.05,0.46,1.17
10.03,0.41,1.10
9.99,0.48,1.12
10.06,0.38,1.09
10.09,0.44,1.01
10.09,0.42,1.07
10.06,0.43,1.10
10.09,0.45,1.01
10.07,0.45,1.13
10.02,0.42,0.97
10.10,0.41,1.05
10.08,0.41,0.98
10.07,0.45,1.11
10.03,0.41,1.15
10.02,0.40,1.09
9.90,-0.03,1.24
10.10,0.29,1.17
10.02,0.47,1.26
10.15,0.45,1.22
10.00,0.46,1.13
9.91,0.52,1.03
9.96,0.47,1.07
10.00,0.40,0.99
9.96,0.45,1.13
9.97,0.42,1.07
9.93,0.40,1.12
10.00,0.43,1.07
9.96,0.39,0.97
9.98,0.35,1.05
9.99,0.46,1.11
10.01,0.40,1.09
9.99,0.37,1.07
10.05,0.34,1.16
10.07,0.39,1.16
10.06,0.39,1.15
10.07,0.34,1.16
10.20,0.39,1.00
10.24,0.41,1.00
10.19,0.42,0.95
10.17,0.51,0.91
10.18,0.47,0.86
10.13,0.47,0.91
10.13,0.51,0.89
10.06,0.54,0.78
10.07,0.50,0.84
10.04,0.52,0.76
10.01,0.54,0.81
10.00,0.51,0.82
9.99,0.53,0.83
9.95,0.50,0.96
9.90,0.50,1.01
9.93,0.47,1.00
9.99,0.52,1.03
10.00,0.46,0.95
10.00,0.42,0.94
10.00,0.45,0.95
9.98,0.41,1.07
9.93,0.40,0.97
9.92,0.43,1.04
9.98,0.43,1.04
9.98,0.45,1.03
9.96,0.43,1.06
10.00,0.43,1.07
10.03,0.44,1.08
10.05,0.37,0.98
9.99,0.40,0.85
10.02,0.47,1.02
10.04,0.41,1.05
10.04,0.43,1.08
10.02,0.38,1.06
10.02,0.38,1.04
9.99,0.42,1.07
9.98,0.39,1.11
10.04,0.39,1.11
10.12,0.36,1.09
10.15,0.40,0.96
10.13,0.39,0.99
10.14,0.40,1.03
10.09,0.40,1.04
10.07,0.35,1.02
10.13,0.34,1.02
10.13,0.36,1.01
10.13,0.37,1.05
10.11,0.39,1.12
10.07,0.34,1.05
10.09,0.38,0.99
10.01,0.41,0.96
10.05,0.41,0.96
10.05,0.36,1.02
10.01,0.34,1.07
10.05,0.35,1.03
10.09,0.47,1.04
10.06,0.59,1.00
9.94,0.45,0.99
9.99,0.32,1.03
10.08,0.21,0.96
10.04,0.25,1.01
10.05,0.30,1.03
10.09,0.34,1.14
10.10,0.40,1.14
10.11,0.39,1.01
10.17,0.35,1.07
10.12,0.36,1.03
10.09,0.34,1.00
10.08,0.31,1.00
10.08,0.38,1.06
10.06,0.38,1.07
10.06,0.37,1.06
10.05,0.37,1.09
10.06,0.38,1.02
10.03,0.38,1.00
10.03,0.36,0.96
10.04,0.37,1.00
10.09,0.35,1.05
10.02,0.39,1.07
10.04,0.36,1.02
10.06,0.35,1.03
10.09,0.37,0.94
10.07,0.37,1.03
10.05,0.36,0.91
10.08,0.35,0.98
10.05,0.45,0.98
9.99,0.43,0.93
9.99,0.41,1.07
10.03,0.43,1.06
10.00,0.40,1.04
9.98,0.40,1.01
9.99,0.42,1.01
10.02,0.42,1.05
10.02,0.39,1.09
9.97,0.43,1.05
9.98,0.34,1.06
9.98,0.37,1.07
9.99,0.36,0.96
10.01,0.39,1.04
10.08,0.42,0.96
10.10,0.40,1.02
10.03,0.41,1.01
10.03,0.40,1.02
10.03,0.36,1.04
9.97,0.37,1.03
10.00,0.39,1.00
10.01,0.40,1.00
10.01,0.40,1.02
10.03,0.36,0.95
10.00,0.42,0.99
10.10,0.38,1.02
10.11,0.36,0.99
10.08,0.30,0.99
10.05,0.35,1.05
10.10,0.38,1.02
10.07,0.38,0.96
10.06,0.41,1.03
10.00,0.35,1.00
10.03,0.37,0.95
10.09,0.39,1.01
10.03,0.34,1.00
10.04,0.37,1.03
10.09,0.37,0.94
10.08,0.36,0.96
10.03,0.37,0.95
10.06,0.33,0.98
10.12,0.43,1.02
10.08,0.44,1.08
10.01,0.41,0.95
9.99,0.38,1.02
9.97,0.42,1.01
10.02,0.38,0.96
10.00,0.42,0.98
9.96,0.39,0.98
10.00,0.39,1.01
9.96,0.39,0.99
9.97,0.37,1.03
10.00,0.37,0.98
9.95,0.38,1.02
9.94,0.43,1.02
10.02,0.39,1.05
10.06,0.41,0.99
10.00,0.42,1.03
10.00,0.46,1.02
10.20,0.64,0.84
9.86,0.45,0.95
9.90,0.35,1.01
10.01,0.22,0.96
10.11,0.26,1.10
10.16,0.31,1.09
10.13,0.26,1.15
10.12,0.36,1.14
10.08,0.37,1.11
10.08,0.40,0.98
10.06,0.42,1.00
10.06,0.34,1.00
10.09,0.36,0.93
10.07,0.39,1.03
10.01,0.37,1.11
9.97,0.36,1.03
10.03,0.37,0.97
10.01,0.37,1.01
10.05,0.34,1.07
10.00,0.35,0.98
10.03,0.36,1.09
10.03,0.42,0.94
10.01,0.48,0.94
10.03,0.50,0.90
9.97,0.49,0.89
9.98,0.46,0.96
9.96,0.46,0.93
9.99,0.49,0.91
10.05,0.42,0.93
10.04,0.44,1.03
10.05,0.38,1.01
10.00,0.37,1.11
9.99,0.33,1.10
10.04,0.29,1.15
10.03,0.35,1.03
10.10,0.40,1.14
10.07,0.37,1.07
10.03,0.35,1.08
10.07,0.33,1.03
10.05,0.35,1.07
10.06,0.33,1.06
10.05,0.30,1.04
10.05,0.33,1.13
10.09,0.33,1.06
10.07,0.38,1.07
10.09,0.37,1.02
10.09,0.39,0.99
10.09,0.43,0.89
10.05,0.40,0.91
10.13,0.37,0.99
10.13,0.41,0.99
10.07,0.40,0.99
10.04,0.37,0.98
10.03,0.43,1.06
10.09,0.34,1.08
10.04,0.38,1.03
10.00,0.34,1.09
10.00,0.32,1.11
10.05,0.41,1.05
10.00,0.31,1.07
9.98,0.40,1.06
10.06,0.43,1.03
10.04,0.39,1.04
10.07,0.32,1.12
10.03,0.35,1.03
10.07,0.36,1.00
10.03,0.41,0.95
10.03,0.42,1.04
10.08,0.43,1.07
10.03,0.39,1.09
10.06,0.37,0.99
10.01,0.34,0.99
10.10,0.35,0.88
10.08,0.44,0.93
10.02,0.40,0.83
10.04,0.38,0.89
10.06,0.37,0.93
10.06,0.34,0.99
10.05,0.36,1.04
10.08,0.32,1.13
10.10,0.34,1.02
10.12,0.31,1.15
10.12,0.39,1.01
10.12,0.36,1.01
9.95,0.34,0.98
9.97,0.35,1.03
9.94,0.26,1.11
10.00,0.27,1.10
10.01,0.43,1.12
9.99,0.41,1.11
9.99,0.40,1.06
9.97,0.29,1.07
10.04,0.35,1.02
10.08,0.38,0.97
10.00,0.36,1.06
10.05,0.33,1.02
10.05,0.34,1.04
9.99,0.35,0.92
9.97,0.43,0.92
10.04,0.44,1.02
10.01,0.43,0.96
10.02,0.39,1.07
10.05,0.33,1.00
10.08,0.40,0.96
10.08,0.42,0.98
10.05,0.35,1.00
10.06,0.37,0.97
10.07,0.36,1.02
10.08,0.33,1.03
10.06,0.39,1.07
10.05,0.43,0.98
10.06,0.40,0.98
10.02,0.38,0.94
9.99,0.32,0.92
10.04,0.35,1.00
10.04,0.42,1.01
10.04,0.35,1.02
10.01,0.44,1.06
9.96,0.37,1.11
10.01,0.40,1.10
10.02,0.37,1.03
10.00,0.36,1.02
10.02,0.35,1.01
10.00,0.33,1.05
9.99,0.37,1.06
9.99,0.37,1.04
10.01,0.35,1.05
10.03,0.36,1.01
10.01,0.40,1.00
10.06,0.36,0.96
10.00,0.35,0.99
10.03,0.34,1.00
9.96,0.35,1.02
10.00,0.39,1.01
9.99,0.37,1.08
10.04,0.38,0.97
10.01,0.36,0.96
10.02,0.38,0.96
10.04,0.40,1.00
10.02,0.43,0.97
10.04,0.38,0.97
10.09,0.40,1.00
10.05,0.40,1.05
10.02,0.44,1.04
10.05,0.36,1.02
10.09,0.36,0.97
10.09,0.37,0.98
10.10,0.41,1.05
10.03,0.36,1.01
10.09,0.39,1.01
10.05,0.37,1.03
10.01,0.41,0.98
10.08,0.38,1.13
10.08,0.38,1.08
10.09,0.32,1.12
10.03,0.40,1.04
10.07,0.40,1.01
10.04,0.40,0.97
10.03,0.40,0.99
10.00,0.36,1.00
10.04,0.36,1.02
10.04,0.37,1.00
9.98,0.38,0.98
10.00,0.39,1.04
10.02,0.41,1.02
10.07,0.37,1.06
10.02,0.36,0.97
10.03,0.35,0.99
10.03,0.36,0.98
10.00,0.40,1.02
10.00,0.40,0.99
9.96,0.41,1.02
10.00,0.37,1.03
10.03,0.38,1.01
9.98,0.37,1.10
10.01,0.38,1.05
10.00,0.37,1.05
10.00,0.34,1.06
10.01,0.38,1.03
10.05,0.40,0.95
10.05,0.34,0.98
10.01,0.37,1.00
10.03,0.40,0.98
10.04,0.40,1.05
10.00,0.45,1.05
10.00,0.31,0.98
10.07,0.34,1.03
10.09,0.34,1.04
10.09,0.36,1.00
10.05,0.35,1.03
10.06,0.35,1.09
10.07,0.35,1.09
10.02,0.38,0.98
10.01,0.43,0.93
10.00,0.40,0.94
10.07,0.45,0.97
10.05,0.37,0.97
10.03,0.36,0.93
10.08,0.38,1.00
10.01,0.35,1.02
9.99,0.37,1.01
10.03,0.37,1.01
10.02,0.35,1.03
9.97,0.38,1.08
9.97,0.37,0.98
10.00,0.40,1.03
10.02,0.35,1.03
9.99,0.38,1.09
9.96,0.41,1.08
10.03,0.39,1.06
10.09,0.37,0.97
9.97,0.40,0.93
9.96,0.42,1.01
9.94,0.39,1.01
9.99,0.40,0.96
10.05,0.42,0.96
10.03,0.40,0.94
10.02,0.35,0.96
10.07,0.41,0.95
10.07,0.38,1.05
10.11,0.37,1.01
10.07,0.40,1.01
10.06,0.43,0.98
10.06,0.16,0.80
10.05,0.22,1.04
10.06,0.27,1.14
10.01,0.34,1.19
10.08,0.41,1.14
10.15,0.37,1.10
10.08,0.37,0.99
10.08,0.28,1.00
10.03,0.30,0.97
10.08,0.30,0.96
10.05,0.32,1.03
10.01,0.37,1.11
10.04,0.38,1.04
10.07,0.34,1.03
10.08,0.36,1.00
10.07,0.40,1.04
10.06,0.37,1.00
10.07,0.33,1.04
10.05,0.38,1.09
9.99,0.37,1.13
10.05,0.38,1.07
10.04,0.40,1.06
10.01,0.37,1.06
10.04,0.44,0.98
10.04,0.37,0.99
10.01,0.38,0.96
9.97,0.40,1.00
9.94,0.39,1.05
9.98,0.41,1.02
10.01,0.42,1.00
10.06,0.39,1.04
9.99,0.37,1.00
10.04,0.38,1.05
10.03,0.36,1.00
9.99,0.39,1.01
10.08,0.37,1.05
10.15,0.35,1.04
10.17,0.40,1.00
10.00,0.30,1.00
10.04,0.29,1.03
10.03,0.33,1.09
9.98,0.42,1.09
10.05,0.40,1.03
10.09,0.38,0.98
10.07,0.38,1.05
10.07,0.31,1.06
10.09,0.37,0.98
10.08,0.34,1.06
10.07,0.34,0.98
10.09,0.35,1.03
10.12,0.37,1.08
10.06,0.39,0.92
10.00,0.36,1.06
9.99,0.38,1.06
10.04,0.37,1.04
10.00,0.39,1.06
10.00,0.38,0.97
9.98,0.35,1.01
10.02,0.36,0.98
10.03,0.40,0.98
9.98,0.40,1.01
10.01,0.38,0.99
10.05,0.40,0.91
10.06,0.40,1.02
10.01,0.38,0.96
10.02,0.38,1.00
10.02,0.33,0.98
10.02,0.34,1.03
10.03,0.39,1.01
10.05,0.38,1.01
10.04,0.42,1.01
10.02,0.39,0.99
10.02,0.53,0.99
10.14,0.68,0.92
9.93,0.38,0.90
9.92,0.37,0.96
10.07,0.32,1.14
10.12,0.28,1.09
10.06,0.33,1.05
10.07,0.33,1.02
10.04,0.33,1.05
10.06,0.36,1.06
10.04,0.37,0.97
10.01,0.39,0.97
10.02,0.38,1.07
9.97,0.34,1.02
9.99,0.34,1.07
9.98,0.37,1.01
10.02,0.38,1.05
10.05,0.39,1.03
10.06,0.42,1.06
10.04,0.35,1.04
10.02,0.40,1.06
10.03,0.38,1.13
9.97,0.35,0.96
9.99,0.39,1.04
10.00,0.39,0.98
10.00,0.41,1.04
10.02,0.38,0.96
10.00,0.34,0.94
10.04,0.42,0.97
10.01,0.36,1.04
10.03,0.33,0.94
10.07,0.36,1.03
10.11,0.40,1.02
10.09,0.38,1.03
10.05,0.36,1.05
10.10,0.42,1.03
10.06,0.38,1.01
10.09,0.37,1.01
10.08,0.34,0.95
10.07,0.37,0.98
10.07,0.36,0.98
10.12,0.39,0.95
10.00,0.33,1.04
10.00,0.36,1.06
9.97,0.35,1.05
9.95,0.34,1.05
10.04,0.36,1.07
10.04,0.38,1.13
10.04,0.40,1.03
9.99,0.41,1.06
9.98,0.41,1.05
9.97,0.40,0.94
9.98,0.39,0.95
9.94,0.44,1.03
9.99,0.40,1.00
10.04,0.43,1.01
10.00,0.45,1.00
9.98,0.42,0.94
10.02,0.44,1.00
10.09,0.40,1.02
10.05,0.44,1.02
10.03,0.38,0.93
10.10,0.39,0.98
10.10,0.39,1.12
10.08,0.37,1.06
10.13,0.30,1.02
10.14,0.31,1.08
10.09,0.39,1.09
10.09,0.34,1.03
10.02,0.41,1.03
10.03,0.38,0.97
10.04,0.35,1.03
9.99,0.40,0.96
10.03,0.43,1.04
10.05,0.35,1.01
10.03,0.33,1.04
10.03,0.40,0.96
10.01,0.38,1.02
10.05,0.38,1.05
10.04,0.36,1.02
10.00,0.43,0.98
10.05,0.44,1.01
10.01,0.44,0.96
10.00,0.41,1.02
10.03,0.43,0.99
10.01,0.38,1.05
10.04,0.37,1.03
9.99,0.42,1.01
9.95,0.40,1.03
9.94,0.36,0.98
10.01,0.38,0.98
9.97,0.39,1.06
10.02,0.40,1.03
10.06,0.32,0.94
10.11,0.32,1.05
10.10,0.37,0.98
10.11,0.40,1.02
10.07,0.39,1.04
10.00,0.40,1.01
9.99,0.36,1.04
10.07,0.31,0.96
10.10,0.32,1.05
10.09,0.39,1.01
10.08,0.34,1.11
10.13,0.32,1.00
10.09,0.35,0.97
10.02,0.36,1.01
10.00,0.38,1.08
10.03,0.37,1.01
10.01,0.42,1.01
10.00,0.37,0.99
10.07,0.36,0.96
10.05,0.37,0.95
10.05,0.37,0.98
10.01,0.38,0.98
10.00,0.42,1.02
10.04,0.41,1.02
10.01,0.40,1.01
10.00,0.39,0.98
10.02,0.40,1.06
10.03,0.39,1.02
9.99,0.40,1.04
10.00,0.38,1.01
10.05,0.45,1.01
10.02,0.40,0.93
10.01,0.36,1.00
10.05,0.40,1.02
10.06,0.36,1.06
10.05,0.36,1.06
10.09,0.31,1.04
10.06,0.33,0.98
10.07,0.36,0.98
10.01,0.36,0.92
10.02,0.33,1.00
10.07,0.40,0.99
10.00,0.36,0.96
10.04,0.32,0.98
10.04,0.33,0.98
10.10,0.40,0.99
10.07,0.34,0.94
10.08,0.42,0.92
10.06,0.41,0.87
10.06,0.41,0.96
10.09,0.37,1.05
10.07,0.40,1.00
10.05,0.39,1.03
10.04,0.35,1.02
10.04,0.38,1.05
10.04,0.37,1.02
10.03,0.37,1.05
10.08,0.38,1.05
10.07,0.40,1.07
10.05,0.40,1.07
10.01,0.32,1.03
10.03,0.36,1.04
9.97,0.43,0.94
9.96,0.37,1.05
10.02,0.39,1.05
10.01,0.34,1.02
10.04,0.39,1.01
10.01,0.32,1.08
10.05,0.41,1.02
10.03,0.40,1.02
10.00,0.37,0.96
10.00,0.40,1.06
10.04,0.34,0.90
9.98,0.41,0.99
10.01,0.37,0.98
10.07,0.37,0.94
10.05,0.34,1.01
10.04,0.30,0.96
10.10,0.38,1.02
10.11,0.36,1.07
10.08,0.35,0.96
10.01,0.36,0.95
10.11,0.34,1.08
10.10,0.37,0.99
10.11,0.39,1.00
10.02,0.35,1.00
10.03,0.76,0.91
10.07,0.24,1.02
10.06,0.30,1.19
9.99,0.45,1.32
10.11,0.35,1.23
10.05,0.28,1.13
9.98,0.29,1.07
10.04,0.25,0.99
10.02,0.27,1.05
10.06,0.37,1.07
10.00,0.40,1.02
10.04,0.39,0.96
10.03,0.39,1.08
10.00,0.35,1.02
10.12,0.37,1.05
10.09,0.35,1.07
10.09,0.35,1.03
10.08,0.38,1.02
10.02,0.40,1.02
10.09,0.38,0.98
10.05,0.38,1.03
10.04,0.37,0.98
10.03,0.38,0.95
10.03,0.37,0.98
10.08,0.40,1.06
9.99,0.39,1.02
10.04,0.39,1.00
10.06,0.38,1.00
10.01,0.41,0.97
9.99,0.39,0.99
10.03,0.35,1.02
10.06,0.43,1.05
10.02,0.38,1.05
10.05,0.36,1.02
10.02,0.39,0.99
10.04,0.38,0.99
10.01,0.36,1.05
10.01,0.40,1.05
10.06,0.41,1.07
10.06,0.36,1.01
10.01,0.40,1.03
10.03,0.42,1.05
10.05,0.40,1.01
10.03,0.41,1.00
10.04,0.39,1.02
10.02,0.32,1.04
10.01,0.40,1.01
10.05,0.39,1.03
10.01,0.40,0.94
10.02,0.38,0.96
10.06,0.38,0.96
10.08,0.38,0.98
10.02,0.35,1.02
10.08,0.37,1.04
10.09,0.36,0.98
10.05,0.33,1.04
10.02,0.36,1.01
10.02,0.37,0.98
10.07,0.32,0.99
9.98,0.39,1.05
9.99,0.40,1.04
10.03,0.36,1.07
10.05,0.36,0.99
9.98,0.40,0.99
10.03,0.36,1.04
10.05,0.35,0.98
10.04,0.39,0.99
10.03,0.40,1.03
10.04,0.43,1.02
10.05,0.32,0.97
10.11,0.35,0.97
10.01,0.35,0.99
10.06,0.40,1.02
10.00,0.42,0.99
10.00,0.40,0.93
10.03,0.38,0.99
10.01,0.39,0.96
10.07,0.39,0.96
10.09,0.36,1.01
10.10,0.34,0.98
10.06,0.38,1.00
10.05,0.38,1.02
10.02,0.39,1.00
9.99,0.41,0.96
10.02,0.37,1.06
10.00,0.35,1.03
10.02,0.39,0.99
10.04,0.42,0.94
10.03,0.40,1.04
10.13,0.37,1.05
10.07,0.35,0.96
10.12,0.34,1.00
10.06,0.32,1.00
10.02,0.39,0.98
10.02,0.42,1.08
10.05,0.39,1.03
10.02,0.35,1.01
10.04,0.33,1.06
10.00,0.38,1.02
10.01,0.40,1.03
10.01,0.42,1.05
