0.379999995,0.079999998,0.610000014
0.300000012,0.090000004,0.289999992
0.330000013,0.109999999,0.029999999
0.280000001,0.159999996,-0.209999993
0.289999992,0.239999995,-0.519999981
0.230000004,0.230000004,-0.829999983
0.270000011,0.239999995,-1.049999952
0.25999999,0.370000005,-1.399999976
0.150000006,0.449999988,-1.580000043
0.01,0.50999999,-1.799999952
-0.119999997,0.439999998,-1.929999948
-0.239999995,0.439999998,-2.029999971
-0.280000001,0.370000005,-2.160000086
-0.449999988,0.310000002,-2.359999895
-0.569999993,0.340000004,-2.75
-0.75,0.449999988,-3.25999999
-0.800000012,0.49000001,-3.519999981
-0.75999999,0.600000024,-3.859999895
-0.829999983,0.730000019,-4.159999847
-0.779999971,0.899999976,-4.199999809
-0.649999976,0.959999979,-4.159999847
-0.600000024,0.959999979,-4.090000153
-0.610000014,0.920000017,-4.079999924
-0.589999974,0.75999999,-3.849999905
-0.519999981,0.649999976,-3.930000067
-0.579999983,0.439999998,-3.859999895
-0.610000014,0.289999992,-3.809999943
-0.610000014,0.119999997,-3.720000029
-0.589999974,0.02,-3.650000095
-0.49000001,-0.050000001,-3.569999933
-0.479999989,-0.230000004,-3.339999914
-0.449999988,-0.189999998,-3
-0.360000014,0,-2.49000001
-0.280000001,0,-2
-0.059999999,0,-1.559999943
0.090000004,0,-1.200000048
0.300000012,0,-0.800000012
0.460000008,0,-0.469999999
0.50999999,0,-0.039999999
0.639999986,0,0.340000004
0.74000001,0,0.699999988
0.75999999,0,1.029999971
0.899999976,0,1.279999971
1.090000033,0,1.679999948
1.25999999,0,2.180000067
1.25999999,0,2.559999943
1.279999971,0,2.950000048
1.330000043,0,3.24000001
1.25,0,3.630000114
1.299999952,0,3.779999971
1.129999995,0,3.950000048
1.139999986,0,4.059999943
1.00999999,0,4.28000021
0.920000017,0,4.320000172
0.819999993,0,4.579999924
0.639999986,0,4.860000134
0.540000021,0,5
0.469999999,0,4.940000057
0.360000014,0,4.860000134
0.140000001,0,4.800000191
-0.02,0,4.550000191
-0.159999996,0,4.440000057
-0.310000002,0,4.199999809
-0.50999999,0,3.910000086
-0.629999995,0.25999999,3.710000038
-0.810000002,0.310000002,3.25999999
-0.949999988,0.419999987,2.819999933
-1.080000043,0.579999983,2.220000029
-1.120000005,0.569999993,1.840000033
-1.200000048,0.550000012,1.419999957
-1.190000057,0.550000012,1.159999967
-1.080000043,0.479999989,0.689999998
-0.980000019,0.5,0.349999994
-0.980000019,0.5,-0.07
-0.920000017,0.460000008,-0.620000005
-0.829999983,0.430000007,-0.720000029
-0.790000021,0.300000012,-0.970000029
-0.649999976,0.239999995,-1.25999999
-0.460000008,0.209999993,-1.5
-0.349999994,0.230000004,-1.889999986
-0.319999993,0.230000004,-2.160000086
-0.300000012,0.280000001,-2.480000019
-0.25999999,0.280000001,-2.74000001
-0.300000012,0.170000002,-3.059999943
-0.270000011,0.289999992,-3.49000001
-0.319999993,0.360000014,-3.75
-0.319999993,0.360000014,-4.03000021
-0.270000011,0.460000008,-4.21999979
-0.239999995,0.400000006,-4.25
-0.280000001,0.370000005,-4.329999924
-0.159999996,0.319999993,-4.269999981
-0.119999997,0.280000001,-4.329999924
-0.02,0.219999999,-4.329999924
-0.02,0.119999997,-4.190000057
0,0.01,-4.059999943
0.029999999,-0.230000004,-4.099999905
0,-0.439999998,-4.150000095
0.02,-0.660000026,-4.039999962
0.07,-0.720000029,-3.839999914
0.200000003,-0.589999974,-3.539999962
0.180000007,-0.449999988,-3.029999971
0.25,-0.230000004,-2.660000086
0.200000003,-0.159999996,-2.230000019
0.25999999,-0.170000002,-2.069999933
0.310000002,-0.140000001,-1.809999943
0.340000004,-0.119999997,-1.549999952
0.469999999,-0.02,-1.230000019
0.400000006,-0.140000001,-0.74000001
0.389999986,0.01,-0.310000002
0.360000014,-0.02,0.230000004
0.239999995,-0.119999997,0.569999993
0.270000011,-0.180000007,0.939999998
0.140000001,-0.029999999,1.340000033
0.07,0.200000003,1.870000005
0.029999999,0.5,2.440000057
0.090000004,0.74000001,2.720000029
0.119999997,0.829999983,3.049999952
0.180000007,0.75,3.50999999
0.219999999,0.569999993,3.819999933
0.280000001,0.469999999,4.119999886
0.469999999,0.409999996,4.590000153
0.5,0.430000007,4.760000229
0.589999974,0.460000008,4.949999809
0.620000005,0.540000021,5.079999924
0.74000001,0.680000007,5.329999924
0.720000029,0.860000014,5.389999866
0.720000029,0.959999979,5.25
0.75,0.970000029,5.159999847
0.790000021,0.879999995,4.860000134
0.790000021,0.680000007,4.639999866
0.810000002,0.519999981,4.539999962
0.829999983,0.379999995,4.300000191
0.939999998,0.289999992,4.090000153
0.839999974,0.330000013,3.960000038
0.829999983,0.439999998,3.730000019
0.639999986,0.519999981,3.349999905
0.569999993,0.469999999,2.789999962
0.400000006,0.349999994,2.079999924
0.230000004,0.219999999,1.480000019
0.140000001,0.170000002,0.850000024
0.090000004,0.109999999,0.319999993
0.029999999,0.039999999,-0.119999997
-0.029999999,0.079999998,-0.370000005
-0.109999999,0.150000006,-0.569999993
-0.100000001,0.270000011,-0.629999995
-0.119999997,0.389999986,-0.74000001
-0.159999996,0.310000002,-1.090000033
-0.189999998,0.340000004,-1.230000019
-0.25999999,0.310000002,-1.480000019
-0.379999995,0.370000005,-1.690000057
-0.589999974,0.469999999,-2.00999999
-0.699999988,0.49000001,-2.430000067
-0.839999974,0.479999989,-2.579999924
-0.939999998,0.460000008,-2.930000067
-1.080000043,0.569999993,-3.049999952
-1.080000043,0.620000005,-3.380000114
-1.149999976,0.529999971,-3.569999933
-1.169999957,0.620000005,-3.839999914
-1.070000052,0.569999993,-4.199999809
-1.110000014,0.569999993,-4.5
-1.090000033,0.50999999,-4.909999847
-1.00999999,0.5,-5.170000076
-0.939999998,0.479999989,-5.059999943
-0.879999995,0.310000002,-5.090000153
-0.810000002,0.209999993,-5.079999924
-0.680000007,0.119999997,-4.849999905
-0.720000029,0,-4.510000229
-0.540000021,0.119999997,-4.139999866
-0.639999986,0.050000001,-3.75
-0.589999974,-0.079999998,-3.680000067
-0.529999971,-0.050000001,-3.609999895
-0.519999981,-0.02,-3.279999971
-0.449999988,0.01,-2.930000067
-0.460000008,0.119999997,-2.309999943
-0.319999993,0.180000007,-1.950000048
-0.340000004,0.180000007,-1.529999971
-0.25,0.100000001,-1.24000001
-0.150000006,0.119999997,-0.920000017
-0.050000001,0.079999998,-0.540000021
0.090000004,-0.039999999,0.01
0.25,-0.039999999,0.50999999
0.439999998,-0.170000002,0.920000017
0.639999986,-0.280000001,1.440000057
0.839999974,-0.109999999,1.929999948
1.039999962,0.059999999,2.420000076
1.110000014,0.340000004,2.940000057
1.220000029,0.540000021,3.450000048
1.220000029,0.629999995,4.070000172
1.169999957,0.610000014,4.550000191
1.029999971,0.469999999,4.800000191
0.980000019,0.439999998,5.059999943
1.039999962,0.419999987,5.050000191
0.920000017,0.540000021,5.139999866
0.839999974,0.769999981,5.099999905
0.829999983,0.899999976,5.239999771
0.839999974,0.980000019,5.269999981
0.75,0.949999988,5.28000021
0.680000007,0.870000005,5
0.529999971,0.620000005,4.699999809
0.379999995,0.419999987,4.309999943
0.219999999,0.300000012,3.880000114
0.239999995,0.300000012,3.359999895
0.200000003,0.310000002,2.920000076
0.140000001,0.389999986,2.5
0.119999997,0.25,2.00999999
0.170000002,0.239999995,1.710000038
0.300000012,0.370000005,1.460000038
0.300000012,0.460000008,1.179999948
0.310000002,0.50999999,1.149999976
0.310000002,0.479999989,0.889999986
0.119999997,0.349999994,0.439999998
0.059999999,0.349999994,-0.200000003
-0.150000006,0.239999995,-1.070000052
-0.340000004,0.239999995,-1.649999976
-0.560000002,0.360000014,-2.180000067
-0.779999971,0.379999995,-2.660000086
-0.949999988,0.479999989,-3.039999962
-0.850000024,0.620000005,-3.329999924
-0.870000005,0.689999998,-3.410000086
-0.810000002,0.810000002,-3.279999971
-0.889999986,0.800000012,-3.309999943
-0.889999986,0.720000029,-3.609999895
-0.920000017,0.49000001,-3.839999914
-1.019999981,0.409999996,-4.110000134
-1,0.319999993,-4.300000191
-1.129999995,0.219999999,-4.639999866
-1.090000033,0.289999992,-5.039999962
-1.149999976,0.25,-5.420000076
-1.24000001,0.189999998,-5.510000229
-1.159999967,0.219999999,-5.309999943
-0.99000001,0.280000001,-5.03000021
-0.860000014,0.330000013,-4.769999981
-0.529999971,0.289999992,-4.380000114
-0.360000014,0.300000012,-4.019999981
-0.079999998,0.310000002,-3.789999962
0.090000004,0.289999992,-3.5
0.219999999,0.219999999,-3.029999971
0.109999999,0.170000002,-2.829999924
0.200000003,0.140000001,-2.549999952
0.180000007,0.090000004,-2.349999905
0.140000001,-0.100000001,-2.200000048
0.159999996,-0.140000001,-1.730000019
0.170000002,-0.140000001,-1.320000052
0.159999996,-0.109999999,-0.689999998
0.129999995,-0.07,-0.319999993
0.209999993,0.090000004,0.209999993
0.280000001,0.02,0.839999974
0.330000013,0.07,1.309999943
0.449999988,0.170000002,1.970000029
0.660000026,0.25,2.460000038
0.790000021,0.289999992,2.769999981
0.879999995,0.25999999,3
0.889999986,0.289999992,3.400000095
0.939999998,0.400000006,3.670000076
0.939999998,0.409999996,3.940000057
0.920000017,0.289999992,4.099999905
0.839999974,0.109999999,4.190000057
0.779999971,0.029999999,4.380000114
0.649999976,0.159999996,4.559999943
0.560000002,0.300000012,4.619999886
0.589999974,0.419999987,4.71999979
0.560000002,0.439999998,4.599999905
0.620000005,0.370000005,4.599999905
0.579999983,0.439999998,4.570000172
0.540000021,0.660000026,4.590000153
0.50999999,0.639999986,4.519999981
0.370000005,0.610000014,4.400000095
0.310000002,0.409999996,3.980000019
0.419999987,0.209999993,3.680000067
0.430000007,0.090000004,3.339999914
0.340000004,0.119999997,3.170000076
0.439999998,0.230000004,2.809999943
0.409999996,0.439999998,2.349999905
0.439999998,0.50999999,1.870000005
0.389999986,0.50999999,1.299999952
0.310000002,0.409999996,0.879999995
0.25999999,0.319999993,0.310000002
0.170000002,0.280000001,-0.059999999
0.059999999,0.340000004,-0.419999987
-0.07,0.370000005,-0.75999999
-0.119999997,0.479999989,-1.230000019
-0.230000004,0.400000006,-1.49000001
-0.379999995,0.360000014,-1.980000019
-0.360000014,0.360000014,-2.190000057
-0.469999999,0.519999981,-2.470000029
-0.620000005,0.639999986,-2.690000057
-0.709999979,0.709999979,-2.890000105
-0.870000005,0.620000005,-3.140000105
-0.860000014,0.479999989,-3.630000114
-0.889999986,0.389999986,-3.859999895
-0.949999988,0.409999996,-4.139999866
-0.980000019,0.409999996,-4.289999962
-1.00999999,0.50999999,-4.53000021
-1,0.620000005,-4.730000019
-0.899999976,0.75999999,-4.869999886
-0.949999988,0.800000012,-4.900000095
-0.939999998,0.879999995,-4.940000057
-0.860000014,0.75999999,-4.820000172
-0.810000002,0.709999979,-4.869999886
-0.670000017,0.649999976,-4.849999905
-0.550000012,0.699999988,-4.760000229
-0.340000004,0.550000012,-4.519999981
-0.180000007,0.349999994,-4.320000172
0.050000001,0.150000006,-4.050000191
0.25999999,-0.039999999,-3.799999952
0.460000008,-0.150000006,-3.450000048
0.540000021,-0.140000001,-2.940000057
0.649999976,-0.029999999,-2.640000105
0.75,0,-2.359999895
0.839999974,-0.119999997,-1.940000057
0.779999971,-0.100000001,-1.580000043
0.769999981,-0.189999998,-0.959999979
0.600000024,-0.25,-0.289999992
0.569999993,-0.330000013,0.330000013
0.419999987,-0.419999987,0.839999974
0.319999993,-0.360000014,1.269999981
0.330000013,-0.289999992,1.710000038
0.280000001,-0.059999999,2.200000048
0.119999997,0.159999996,2.630000114
0.039999999,0.289999992,2.980000019
0.100000001,0.430000007,3.289999962
0.230000004,0.709999979,3.539999962
0.300000012,0.980000019,3.900000095
0.209999993,1.129999995,4.230000019
0.300000012,1.039999962,4.46999979
0.300000012,0.790000021,4.670000076
0.439999998,0.569999993,4.710000038
0.560000002,0.560000002,4.869999886
0.629999995,0.610000014,4.909999847
0.670000017,0.699999988,4.880000114
0.560000002,0.680000007,4.880000114
0.50999999,0.579999983,4.809999943
0.49000001,0.529999971,4.670000076
0.449999988,0.389999986,4.380000114
0.219999999,0.340000004,3.930000067
0.109999999,0.25,3.640000105
0,0.129999995,3.289999962
-0.02,0.039999999,2.789999962
-0.059999999,-0.039999999,2.539999962
-0.059999999,0.02,2.420000076
-0.090000004,0.129999995,2.329999924
-0.150000006,0.200000003,2.019999981
-0.090000004,0.209999993,1.74000001
-0.150000006,0.189999998,1.25999999
-0.039999999,0.25999999,0.959999979
-0.079999998,0.230000004,0.579999983
0,0.230000004,-0.01
0.02,0.200000003,-0.469999999
0.01,0.25,-1.059999943
0.109999999,0.289999992,-1.610000014
0.07,0.300000012,-2.230000019
0.02,0.319999993,-2.609999895
-0.029999999,0.50999999,-2.970000029
-0.059999999,0.629999995,-3.079999924
-0.079999998,0.839999974,-3.269999981
-0.119999997,0.889999986,-3.460000038
-0.159999996,0.889999986,-3.74000001
-0.300000012,0.769999981,-3.970000029
-0.289999992,0.610000014,-4.190000057
-0.460000008,0.430000007,-4.429999828
-0.600000024,0.289999992,-4.670000076
-0.699999988,0.200000003,-4.699999809
-0.709999979,0.119999997,-4.989999771
-0.699999988,0.140000001,-5.03000021
-0.779999971,0.159999996,-4.980000019
-0.680000007,0.319999993,-4.929999828
-0.629999995,0.289999992,-4.75
-0.670000017,0.360000014,-4.610000134
-0.550000012,0.389999986,-4.409999847
-0.610000014,0.230000004,-4.300000191
-0.5,0.050000001,-4.110000134
-0.529999971,-0.119999997,-4.039999962
-0.479999989,-0.25,-3.809999943
-0.439999998,-0.140000001,-3.680000067
-0.5,-0.170000002,-3.230000019
-0.469999999,-0.170000002,-3.00999999
-0.589999974,-0.150000006,-2.529999971
-0.589999974,-0.189999998,-2.119999886
-0.50999999,-0.230000004,-1.610000014
-0.479999989,-0.25,-1.200000048
-0.400000006,-0.140000001,-0.720000029
-0.370000005,-0.029999999,-0.230000004
-0.280000001,0.07,0.25999999
-0.209999993,0.140000001,0.610000014
-0.119999997,0.140000001,1.179999948
-0.059999999,0.050000001,1.590000033
0.050000001,0.039999999,1.99000001
0.100000001,0.090000004,2.369999886
0.170000002,0.119999997,2.390000105
0.209999993,0.319999993,2.640000105
0.170000002,0.49000001,2.869999886
0.100000001,0.589999974,3.130000114
0.129999995,0.600000024,3.369999886
0.170000002,0.600000024,3.720000029
0.25,0.670000017,4.03000021
0.25999999,0.680000007,4.199999809
0.349999994,0.730000019,4.309999943
0.569999993,0.74000001,4.570000172
0.730000019,0.709999979,4.739999771
0.99000001,0.720000029,4.809999943
1.159999967,0.730000019,4.78000021
1.25999999,0.680000007,4.71999979
1.179999948,0.649999976,4.570000172
1.230000019,0.550000012,4.349999905
1.220000029,0.409999996,4.139999866
1.100000024,0.219999999,3.829999924
0.939999998,-0.029999999,3.660000086
0.779999971,-0.100000001,3.299999952
0.639999986,-0.109999999,2.970000029
0.479999989,-0.02,2.74000001
0.319999993,0.119999997,2.25999999
0.25,0.109999999,1.799999952
0.079999998,0.219999999,1.539999962
0.050000001,0.209999993,1.149999976
-0.109999999,0.200000003,0.769999981
-0.050000001,0.270000011,0.349999994
-0.219999999,0.289999992,-0.219999999
-0.209999993,0.389999986,-0.600000024
-0.310000002,0.569999993,-1.080000043
-0.360000014,0.5,-1.539999962
-0.349999994,0.529999971,-1.870000005
-0.469999999,0.460000008,-2.430000067
-0.49000001,0.419999987,-2.839999914
-0.529999971,0.400000006,-3.390000105
-0.560000002,0.479999989,-3.460000038
-0.649999976,0.550000012,-3.75
-0.699999988,0.819999993,-3.900000095
-0.720000029,0.810000002,-4.039999962
-0.850000024,0.709999979,-4.159999847
-1,0.529999971,-4.329999924
-1.059999943,0.400000006,-4.380000114
-1.25,0.300000012,-4.449999809
-1.159999967,0.289999992,-4.78000021
-1.100000024,0.340000004,-4.980000019
-1.029999971,0.49000001,-4.860000134
-0.970000029,0.5,-4.860000134
-0.75999999,0.50999999,-4.599999905
-0.569999993,0.379999995,-4.360000134
-0.550000012,0.310000002,-4.139999866
-0.360000014,0.270000011,-3.769999981
-0.460000008,0.170000002,-3.470000029
-0.310000002,0.189999998,-3.210000038
-0.230000004,0.219999999,-3.00999999
-0.219999999,0.289999992,-2.819999933
-0.230000004,0.25,-2.650000095
-0.180000007,0.170000002,-2.609999895
-0.180000007,0.159999996,-2.289999962
-0.109999999,0.119999997,-1.789999962
-0.059999999,0.280000001,-1.320000052
0.039999999,0.330000013,-0.670000017
0.119999997,0.460000008,-0.129999995
0.280000001,0.50999999,0.310000002
0.349999994,0.680000007,0.600000024
0.519999981,0.680000007,0.819999993
0.610000014,0.579999983,1.00999999
0.75,0.439999998,1.360000014
0.839999974,0.170000002,1.769999981
0.99000001,0.050000001,2.160000086
1.129999995,0.050000001,2.75
1.120000005,0.090000004,3.329999924
1.080000043,0.100000001,3.700000048
1.049999952,0.189999998,4.110000134
1.129999995,0.209999993,4.349999905
1.100000024,0.360000014,4.570000172
1.039999962,0.360000014,4.679999828
0.939999998,0.409999996,4.599999905
0.769999981,0.300000012,4.519999981
0.730000019,0.150000006,4.460000038
0.610000014,0.119999997,4.619999886
0.529999971,0.180000007,4.539999962
0.469999999,0.349999994,4.559999943
0.360000014,0.349999994,4.53000021
0.280000001,0.460000008,4.349999905
0.159999996,0.50999999,4.070000172
0,0.449999988,3.859999895
-0.059999999,0.379999995,3.480000019
-0.100000001,0.389999986,3.220000029
-0.209999993,0.439999998,2.829999924
-0.159999996,0.389999986,2.589999914
-0.07,0.270000011,2.390000105
-0.029999999,0.270000011,2.079999924
0.059999999,0.230000004,1.809999943
0.029999999,0.140000001,1.570000052
0.150000006,0.119999997,1.120000005
0.159999996,0.219999999,0.579999983
0.109999999,0.340000004,0.109999999
0.180000007,0.419999987,-0.370000005
0.090000004,0.50999999,-0.899999976
0.059999999,0.5,-1.450000048
-0.050000001,0.340000004,-1.909999967
-0.150000006,0.300000012,-2.349999905
-0.25999999,0.439999998,-2.589999914
-0.439999998,0.519999981,-2.829999924
-0.529999971,0.670000017,-2.960000038
-0.610000014,0.589999974,-3.029999971
-0.680000007,0.460000008,-3.230000019
-0.699999988,0.360000014,-3.5
-0.699999988,0.400000006,-3.75999999
-0.779999971,0.25,-4.099999905
-0.819999993,0.280000001,-4.519999981
-0.860000014,0.300000012,-4.980000019
-1,0.370000005,-5.360000134
-0.939999998,0.389999986,-5.599999905
-0.899999976,0.389999986,-5.579999924
-0.790000021,0.330000013,-5.360000134
-0.689999998,0.170000002,-5.070000172
-0.589999974,0.050000001,-4.670000076
-0.469999999,-0.01,-4.369999886
-0.300000012,0.01,-3.99000001
-0.170000002,0.109999999,-3.630000114
-0.150000006,0.140000001,-3.269999981
-0.230000004,0.219999999,-3.109999895
0,-0.25,0.219999999
0.02,0,-0.02
-0.150000006,0.639999986,2.109999895
1.230000019,-0.629999995,-0.01
0.189999998,-0.419999987,0.340000004
0.360000014,-0.660000026,1.279999971
-0.74000001,0.370000005,1.070000052
0.579999983,-0.119999997,0.409999996
-0.119999997,-0.949999988,-2.369999886
-0.219999999,-0.170000002,-0.970000029
0.790000021,-0.439999998,-2.880000114
-0.99000001,-0.159999996,-4.179999828
-1,1.440000057,-2.890000105
2.470000029,1.840000033,-1.419999957
-0.140000001,0.670000017,-0.059999999
-0.059999999,-0.219999999,0.99000001
-0.910000026,-0.529999971,0.389999986
0.720000029,-0.400000006,0.569999993
5.070000172,-3.029999971,-1.559999943
2.279999971,0.209999993,0.550000012
-0.629999995,0.779999971,2.079999924
5.840000153,0.540000021,-0.889999986
0.930000007,0.340000004,0.680000007
0.939999998,-0.039999999,-0.449999988
-0.01,0.039999999,0.01
1.169999957,-0.239999995,-0.219999999
-0.189999998,-0.090000004,0.170000002
0.319999993,0.02,-0.200000003
0.02,-0.01,-0.119999997
0.029999999,0.079999998,-0.330000013
-0.330000013,0.039999999,-0.400000006
-0.200000003,-0.050000001,-0.400000006
-0.819999993,0.079999998,-0.25999999
-0.389999986,-0.230000004,-0.280000001
-0.090000004,0.050000001,-0.150000006
-0.370000005,-0.090000004,-0.129999995
-0.079999998,0.029999999,-0.239999995
0,-0.150000006,-0.310000002
-0.209999993,-0.200000003,-0.360000014
-0.07,-0.660000026,0.029999999
-0.340000004,-0.699999988,-0.079999998
1.549999952,0.370000005,0.439999998
3.24000001,0.75999999,-0.519999981
1.899999976,0.25,0.090000004
-1.049999952,0.059999999,0.280000001
-0.519999981,-0.289999992,-0.839999974
-0.360000014,0.02,-0.200000003
0.870000005,-0.07,-0.189999998
0.379999995,0.109999999,-0.280000001
0.219999999,-0.270000011,-0.899999976
0.400000006,-0.479999989,-1.580000043
0.140000001,-0.479999989,-1.440000057
1.100000024,-0.860000014,-1.710000038
0.039999999,-0.029999999,-1.379999995
0.059999999,-0.180000007,0.100000001
1.720000029,-0.660000026,-1.879999995
-1.870000005,-0.100000001,-0.74000001
-0.360000014,0.319999993,-0.709999979
0.889999986,-0.419999987,-1.659999967
0.050000001,-0.639999986,-0.550000012
2.059999943,-0.980000019,-1.230000019
-0.50999999,-0.589999974,-1.129999995
-2.420000076,-1.019999981,-0.159999996
-1.110000014,-0.99000001,-0.289999992
2.160000086,-1.059999943,-2.329999924
-2.309999943,-0.75999999,1.399999976
-1.649999976,-1.129999995,0.07
-0.699999988,-0.610000014,-0.400000006
-0.400000006,-0.340000004,0.660000026
-0.529999971,-0.200000003,0.239999995
-0.360000014,0.779999971,1.5
0.660000026,0.620000005,0.589999974
0.159999996,0.589999974,1.269999981
0.569999993,0.389999986,0.949999988
1.710000038,0.579999983,-1.669999957
-0.980000019,0.150000006,1.169999957
1.789999962,0.439999998,-1.210000038
-1.100000024,0.280000001,0.839999974
1.429999948,0.610000014,-0.180000007
-0.540000021,0.419999987,0.239999995
0.349999994,0.340000004,-0.310000002
-0.059999999,0.159999996,-0.400000006
0.01,0,-0.579999983
-0.050000001,-0.289999992,-0.860000014
-0.050000001,0.029999999,-0.629999995
0.449999988,-0.050000001,-0.25999999
0.209999993,-0.159999996,-0.469999999
0.07,-0.170000002,-0.569999993
-0.170000002,-0.270000011,-0.560000002
-0.349999994,-0.430000007,-0.360000014
-0.360000014,-0.360000014,-0.01
-0.219999999,-0.419999987,0.180000007
-0.439999998,-0.349999994,0.280000001
-0.419999987,-0.319999993,0.219999999
0.689999998,-0.850000024,0.270000011
-0.5,-0.140000001,0.639999986
-1.450000048,-0.050000001,0.219999999
-0.689999998,0.039999999,0.670000017
0.379999995,0.02,0.400000006
-1.210000038,0.209999993,1.080000043
-1,-0.079999998,1.24000001
0.75999999,-0.170000002,1.440000057
0.300000012,-0.379999995,0.959999979
-0.939999998,-0.569999993,0.540000021
0.02,-0.980000019,0.419999987
0.300000012,-1.360000014,-0.25999999
0.140000001,-1.600000024,-0.550000012
0.119999997,-1.409999967,-0.289999992
-0.07,-1.129999995,-0.209999993
-0.340000004,-1.00999999,-0.090000004
-0.319999993,-0.720000029,0.569999993
-0.319999993,-0.140000001,0.889999986
-0.360000014,0.230000004,1.110000014
0.150000006,0.560000002,1.549999952
0.100000001,0.340000004,1.639999986
0.330000013,0.230000004,1.710000038
0.239999995,0.119999997,1.450000048
0.230000004,0.02,1.289999962
0.239999995,-0.100000001,1.190000057
0.790000021,-0.50999999,0.709999979
0.709999979,-0.699999988,0.600000024
0.74000001,-0.610000014,0.629999995
1.169999957,-0.349999994,0.74000001
1.419999957,-0.150000006,0.360000014
1.320000052,-0.25999999,0.400000006
0.629999995,-0.49000001,0.689999998
-0.579999983,-0.620000005,0.670000017
-2.089999914,-0.769999981,0.270000011
-2.450000048,-0.319999993,0.140000001
-0.200000003,-0.090000004,0.769999981
0.620000005,-0.25999999,1.409999967
0.379999995,-0.449999988,1.690000057
0.029999999,-0.629999995,1.919999957
-0.200000003,-0.600000024,1.570000052
-0.439999998,-0.670000017,1.350000024
0.109999999,-0.819999993,0.800000012
0.150000006,-1.00999999,0.550000012
0,-1.139999986,0.439999998
0.300000012,-1.320000052,0.379999995
0.409999996,-1.549999952,0.479999989
0.680000007,-1.700000048,0.790000021
0.819999993,-1.789999962,1.25
0.939999998,-1.730000019,1.570000052
1.00999999,-1.470000029,1.840000033
1.25,-1.159999967,1.99000001
1.429999948,-0.879999995,2.140000105
1.480000019,-0.74000001,2.190000057
1.529999971,-0.850000024,1.879999995
1.570000052,-1.070000052,1.649999976
1.539999962,-1.129999995,1.519999981
1.470000029,-1.169999957,1.350000024
1.210000038,-1.070000052,1.299999952
1.299999952,-1.110000014,1.379999995
1.25,-1.190000057,1.379999995
1.169999957,-1.25,1.309999943
1.090000033,-1.110000014,1.389999986
0.730000019,-1.100000024,1.399999976
0.469999999,-0.959999979,1.409999967
0.25999999,-0.779999971,1.269999981
-0.07,-0.49000001,1.059999943
-0.349999994,-0.289999992,0.810000002
-0.730000019,-0.119999997,0.449999988
-1,-0.119999997,0.180000007
-1.059999943,-0.140000001,-0.180000007
-0.930000007,-0.119999997,-0.419999987
-0.959999979,-0.01,-0.860000014
-0.75999999,-0.059999999,-1.059999943
-0.610000014,-0.050000001,-1.340000033
-0.379999995,0.050000001,-1.5
-0.349999994,0.02,-1.419999957
-0.430000007,0,-1.389999986
-0.460000008,-0.050000001,-1.440000057
-0.75999999,-0.01,-1.629999995
-0.910000026,0,-1.980000019
-1.100000024,0.02,-2.289999962
-1.409999967,0,-2.480000019
-1.590000033,0.119999997,-2.619999886
-1.779999971,0.170000002,-2.880000114
-1.570000052,0.300000012,-3
-1.580000043,0.310000002,-3.24000001
-1.320000052,0.460000008,-3.390000105
-0.970000029,0.699999988,-3.380000114
-0.720000029,0.819999993,-3.539999962
-0.460000008,0.889999986,-3.390000105
-0.270000011,0.870000005,-3.190000057
-0.07,0.709999979,-3.049999952
-0.129999995,0.540000021,-2.75999999
-0.180000007,0.370000005,-2.660000086
-0.209999993,0.319999993,-2.359999895
-0.25,0.25999999,-2.230000019
-0.129999995,0.129999995,-2.099999905
-0.209999993,0.050000001,-2.039999962
-0.159999996,-0.050000001,-1.710000038
-0.039999999,-0.140000001,-1.529999971
-0.01,-0.170000002,-1.25
0.150000006,-0.219999999,-0.860000014
0.300000012,-0.209999993,-0.349999994
0.430000007,-0.360000014,0.180000007
0.699999988,-0.389999986,0.850000024
0.829999983,-0.479999989,1.269999981
0.819999993,-0.620000005,1.590000033
0.75,-0.680000007,1.840000033
0.75,-0.730000019,2.089999914
0.689999998,-0.579999983,2.269999981
0.639999986,-0.389999986,2.400000095
0.589999974,-0.029999999,2.589999914
0.620000005,0.170000002,2.75999999
0.529999971,0.310000002,3
0.379999995,0.419999987,3.289999962
0.25999999,0.569999993,3.74000001
0.140000001,0.74000001,3.950000048
0.150000006,0.699999988,4.360000134
0.109999999,0.670000017,4.480000019
0.170000002,0.610000014,4.460000038
0.050000001,0.620000005,4.230000019
0.079999998,0.600000024,3.839999914
-0.029999999,0.569999993,3.49000001
-0.140000001,0.540000021,3.269999981
-0.150000006,0.560000002,3.029999971
-0.129999995,0.519999981,2.980000019
-0.07,0.479999989,2.839999914
0.029999999,0.419999987,2.910000086
0.100000001,0.319999993,2.839999914
0.170000002,0.100000001,2.920000076
0.029999999,0,2.710000038
-0.140000001,-0.119999997,2.430000067
-0.109999999,-0.07,2.109999895
-0.200000003,0.100000001,1.820000052
-0.310000002,0.200000003,1.399999976
-0.270000011,0.349999994,1.24000001
-0.230000004,0.439999998,0.930000007
-0.170000002,0.280000001,0.699999988
0.029999999,0.230000004,0.379999995
0.189999998,0.200000003,0.209999993
0.330000013,0.189999998,0.039999999
0.430000007,0.239999995,-0.200000003
0.400000006,0.230000004,-0.550000012
0.319999993,0.090000004,-1
0.200000003,0.119999997,-1.379999995
0.029999999,0.180000007,-1.75
-0.170000002,0.340000004,-1.929999948
-0.25,0.419999987,-2.210000038
-0.330000013,0.389999986,-2.549999952
-0.49000001,0.340000004,-2.869999886
-0.600000024,0.430000007,-2.930000067
-0.620000005,0.469999999,-3.039999962
-0.810000002,0.430000007,-3.019999981
-1.00999999,0.25999999,-3.089999914
-1.210000038,0.200000003,-3.25
-1.179999948,0.25,-3.339999914
-1.269999981,0.150000006,-3.549999952
-1.25999999,0.170000002,-3.559999943
-1.370000005,0.400000006,-3.529999971
-1.370000005,0.49000001,-3.380000114
-1.309999943,0.74000001,-3.099999905
-1.210000038,0.680000007,-2.849999905
-1.029999971,0.600000024,-2.829999924
-0.970000029,0.400000006,-2.640000105
-0.769999981,0.230000004,-2.559999943
-0.75999999,0.090000004,-2.5
-0.639999986,0.07,-2.440000057
-0.5,0.189999998,-2.180000067
-0.310000002,0.119999997,-1.940000057
-0.25999999,0.029999999,-1.75
-0.109999999,-0.150000006,-1.470000029
0.029999999,-0.119999997,-1.080000043
0.129999995,-0.079999998,-0.620000005
0.25999999,-0.129999995,-0.07
0.439999998,-0.129999995,0.479999989
0.600000024,-0.239999995,0.879999995
0.74000001,-0.400000006,1.210000038
0.920000017,-0.639999986,1.559999943
0.980000019,-0.660000026,1.830000043
0.870000005,-0.639999986,2.079999924
0.779999971,-0.569999993,2.160000086
0.769999981,-0.430000007,2.430000067
0.680000007,-0.219999999,2.589999914
0.540000021,-0.209999993,2.819999933
0.479999989,-0.039999999,3.079999924
0.5,0.200000003,3.440000057
0.400000006,0.430000007,3.779999971
0.340000004,0.620000005,3.950000048
0.25,0.529999971,4.03000021
0.159999996,0.589999974,3.980000019
0.159999996,0.5,3.799999952
0.25,0.579999983,3.619999886
0.219999999,0.660000026,3.529999971
0.239999995,0.569999993,3.609999895
0.189999998,0.540000021,3.630000114
0.209999993,0.469999999,3.700000048
0.180000007,0.419999987,3.480000019
0.310000002,0.370000005,3.390000105
0.419999987,0.340000004,3.329999924
0.449999988,0.449999988,3.109999895
0.519999981,0.389999986,3.109999895
0.430000007,0.300000012,2.920000076
0.430000007,0.189999998,2.640000105
0.370000005,0.07,2.309999943
0.430000007,0.07,1.99000001
0.419999987,0.189999998,1.470000029
0.430000007,0.090000004,0.970000029
0.400000006,0.02,0.460000008
0.25,-0.059999999,0.180000007
0.209999993,0.01,-0.200000003
0.109999999,0.150000006,-0.600000024
0.109999999,0.280000001,-0.959999979
0.100000001,0.439999998,-1.409999967
-0.02,0.449999988,-1.559999943
-0.140000001,0.439999998,-1.799999952
-0.200000003,0.409999996,-2.160000086
-0.370000005,0.589999974,-2.299999952
-0.460000008,0.620000005,-2.5
-0.579999983,0.639999986,-2.640000105
-0.720000029,0.540000021,-2.720000029
-0.790000021,0.419999987,-2.829999924
-0.819999993,0.340000004,-2.869999886
-0.99000001,0.25999999,-3.130000114
-1.029999971,0.349999994,-3.420000076
-1,0.439999998,-3.519999981
-0.970000029,0.419999987,-3.579999924
-0.879999995,0.389999986,-3.599999905
-0.850000024,0.400000006,-3.559999943
-0.800000012,0.289999992,-3.49000001
-0.75,0.129999995,-3.339999914
-0.589999974,-0.029999999,-3.329999924
-0.519999981,-0.109999999,-3.220000029
-0.479999989,-0.289999992,-3.289999962
-0.330000013,-0.319999993,-3.329999924
-0.419999987,-0.280000001,-3.109999895
-0.310000002,-0.119999997,-3.200000048
-0.270000011,0,-2.930000067
-0.090000004,0.219999999,-2.609999895
0.050000001,0.270000011,-2.160000086
0.140000001,0.200000003,-1.720000029
0.270000011,0.039999999,-1.25999999
0.319999993,0.050000001,-0.889999986
0.370000005,0.02,-0.50999999
0.360000014,-0.039999999,-0.079999998
0.370000005,0,0.330000013
0.389999986,-0.079999998,0.639999986
0.319999993,-0.109999999,0.870000005
0.379999995,-0.100000001,1.139999986
0.340000004,-0.050000001,1.360000014
0.409999996,0.109999999,1.620000005
0.50999999,0.230000004,1.99000001
0.449999988,0.25999999,2.359999895
0.439999998,0.239999995,2.670000076
0.430000007,0.129999995,2.890000105
0.469999999,0.180000007,3.059999943
0.360000014,0.039999999,3.109999895
0.360000014,0.07,3.079999924
0.270000011,0.270000011,3.220000029
0.289999992,0.449999988,3.279999971
0.389999986,0.689999998,3.49000001
0.430000007,0.579999983,3.619999886
0.5,0.579999983,3.730000019
0.519999981,0.529999971,4
0.529999971,0.50999999,3.980000019
0.589999974,0.409999996,4
0.460000008,0.270000011,3.970000029
0.560000002,0.07,3.690000057
0.460000008,0.059999999,3.430000067
0.289999992,-0.039999999,3.190000057
0.140000001,-0.039999999,2.859999895
-0.129999995,-0.02,2.460000038
-0.159999996,0.02,2.099999905
-0.340000004,0.129999995,1.789999962
-0.349999994,0.200000003,1.590000033
-0.379999995,0.200000003,1.570000052
-0.439999998,0.02,1.320000052
-0.550000012,-0.189999998,0.920000017
-0.550000012,-0.170000002,0.550000012
-0.569999993,0.07,0.200000003
-0.569999993,0.180000007,-0.189999998
-0.560000002,0.340000004,-0.699999988
-0.50999999,0.349999994,-1.139999986
-0.449999988,0.409999996,-1.49000001
-0.280000001,0.479999989,-1.799999952
-0.209999993,0.479999989,-1.879999995
-0.140000001,0.389999986,-2.00999999
-0.050000001,0.209999993,-1.929999948
0.150000006,0.050000001,-1.960000038
0.25999999,-0.159999996,-2.140000105
0.209999993,-0.150000006,-2.380000114
0.230000004,-0.280000001,-2.599999905
0.159999996,-0.159999996,-2.920000076
0.129999995,0.029999999,-3.130000114
0.090000004,0.170000002,-3.339999914
0.029999999,0.230000004,-3.329999924
-0.07,0.280000001,-3.450000048
-0.059999999,0.219999999,-3.450000048
-0.119999997,0.050000001,-3.279999971
-0.310000002,-0.050000001,-3.119999886
-0.319999993,-0.25,-3.119999886
-0.330000013,-0.209999993,-3.109999895
-0.319999993,0,-3.099999905
-0.439999998,0.280000001,-3.059999943
-0.430000007,0.409999996,-3.069999933
-0.379999995,0.469999999,-2.99000001
-0.370000005,0.479999989,-2.890000105
-0.310000002,0.379999995,-2.789999962
-0.209999993,0.280000001,-2.359999895
-0.029999999,0.25,-1.870000005
0.07,0.129999995,-1.450000048
0.159999996,0.079999998,-1.029999971
0.180000007,-0.159999996,-0.720000029
0.209999993,-0.200000003,-0.540000021
0.270000011,-0.270000011,-0.449999988
0.310000002,-0.340000004,-0.270000011
0.300000012,-0.419999987,-0.050000001
0.370000005,-0.449999988,0.379999995
0.439999998,-0.439999998,0.910000026
0.5,-0.340000004,1.379999995
0.460000008,-0.280000001,1.870000005
0.430000007,-0.270000011,2.190000057
0.460000008,-0.129999995,2.589999914
0.460000008,0.01,2.680000067
0.460000008,0.180000007,2.700000048
0.360000014,0.330000013,2.700000048
0.430000007,0.5,2.769999981
0.330000013,0.400000006,2.779999971
0.25,0.419999987,2.960000038
0.330000013,0.370000005,3.079999924
0.340000004,0.469999999,3.460000038
0.409999996,0.550000012,3.930000067
0.460000008,0.5,4.230000019
0.560000002,0.439999998,4.429999828
0.529999971,0.400000006,4.46999979
0.449999988,0.25999999,4.21999979
0.409999996,0.280000001,3.849999905
0.389999986,0.300000012,3.420000076
0.330000013,0.280000001,3.200000048
0.189999998,0.300000012,2.980000019
0.159999996,0.270000011,2.680000067
0.119999997,0.319999993,2.569999933
0.01,0.25,2.529999971
0,0.159999996,2.420000076
-0.07,0.159999996,2.220000029
-0.029999999,0.200000003,1.75
-0.079999998,0.189999998,1.279999971
-0.119999997,0.189999998,0.810000002
-0.189999998,0.170000002,0.209999993
-0.25,0.059999999,-0.280000001
-0.180000007,0.07,-0.769999981
-0.209999993,0.039999999,-0.920000017
-0.280000001,0.119999997,-1.039999962
-0.409999996,0.100000001,-1.210000038
-0.629999995,-0.039999999,-1.50999999
-0.610000014,-0.150000006,-1.879999995
-0.670000017,-0.050000001,-2.299999952
-0.680000007,0.159999996,-2.410000086
-0.620000005,0.25,-2.609999895
-0.629999995,0.389999986,-2.730000019
-0.469999999,0.349999994,-2.690000057
-0.340000004,0.439999998,-2.789999962
-0.200000003,0.289999992,-2.839999914
-0.140000001,0.159999996,-3.00999999
-0.07,-0.01,-2.970000029
-0.100000001,-0.119999997,-3.180000067
-0.109999999,-0.150000006,-3.380000114
-0.219999999,-0.170000002,-3.599999905
-0.239999995,-0.059999999,-3.630000114
-0.109999999,0,-3.75
-0.059999999,0.189999998,-3.779999971
0.050000001,0.219999999,-3.75999999
-0.07,0.289999992,-3.630000114
0,0.340000004,-3.480000019
-0.01,0.280000001,-3.289999962
-0.129999995,0.209999993,-2.980000019
-0.200000003,0.209999993,-2.859999895
-0.25,0.180000007,-2.670000076
-0.129999995,0.289999992,-2.440000057
-0.079999998,0.25999999,-2.150000095
-0.079999998,0.25,-1.840000033
0.02,0.230000004,-1.559999943
0.140000001,0.209999993,-1.320000052
0.200000003,0.109999999,-0.75999999
0.310000002,0.039999999,-0.449999988
0.349999994,-0.090000004,0.029999999
0.319999993,-0.239999995,0.280000001
0.340000004,-0.49000001,0.479999989
0.349999994,-0.460000008,0.779999971
0.289999992,-0.340000004,1.159999967
0.209999993,-0.119999997,1.600000024
0.230000004,0,1.99000001
0.219999999,0.059999999,2.339999914
0.230000004,0.180000007,2.619999886
0.200000003,0.349999994,2.700000048
0.200000003,0.360000014,2.819999933
0.189999998,0.409999996,2.970000029
0.239999995,0.460000008,3.309999943
0.150000006,0.449999988,3.519999981
0.200000003,0.430000007,3.75
0.170000002,0.330000013,3.890000105
0.119999997,0.319999993,3.960000038
0.239999995,0.219999999,3.99000001
0.200000003,0.289999992,3.940000057
0.25999999,0.219999999,4.079999924
0.219999999,0.150000006,4.139999866
0.129999995,0.07,4.150000095
0.159999996,0.200000003,4.059999943
0.109999999,0.200000003,3.890000105
0.209999993,0.289999992,3.700000048
0.230000004,0.289999992,3.589999914
0.230000004,0.180000007,3.450000048
0.319999993,0.129999995,3.349999905
0.360000014,0.119999997,3.069999933
0.360000014,0.189999998,2.75999999
0.300000012,0.25,2.170000076
0.230000004,0.389999986,1.720000029
0.289999992,0.319999993,1.279999971
0.280000001,0.219999999,0.829999983

